Topic,fiscal_year,duration_days_sum,duration_days_avg,award_amount_sum,award_amount_avg,num_projects
Infectious Diseases (General),2006,57925.0,442.17557251908397,51205557.0,390882.1145038168,131
Infectious Diseases (General),2007,61910.0,404.640522875817,62731952.0,410012.7581699346,153
Infectious Diseases (General),2008,68955.0,380.96685082872926,75680144.0,418122.3425414365,181
Infectious Diseases (General),2009,101857.0,429.7763713080169,98016897.0,413573.40506329114,237
Infectious Diseases (General),2010,95059.0,440.087962962963,91463678.0,423442.9537037037,216
Infectious Diseases (General),2011,73410.0,394.6774193548387,79065499.0,425083.32795698923,186
Infectious Diseases (General),2012,73597.0,411.1564245810056,76016532.0,424673.3631284916,179
Infectious Diseases (General),2013,69103.0,429.2111801242236,66866358.0,415318.9937888199,161
Infectious Diseases (General),2014,69040.0,403.7426900584795,72029113.0,421222.8830409357,171
Infectious Diseases (General),2015,83287.0,400.4182692307692,79858365.0,383934.4471153846,208
Infectious Diseases (General),2016,98361.0,409.8375,100574857.0,419061.9041666667,240
Infectious Diseases (General),2017,103931.0,410.79446640316206,110098187.0,435170.6996047431,253
Infectious Diseases (General),2018,104078.0,409.755905511811,112566880.0,443176.6929133858,254
Infectious Diseases (General),2019,106106.0,422.73306772908364,103546799.0,412537.04780876497,251
Infectious Diseases (General),2020,113232.0,411.75272727272727,149072403.0,542081.4654545455,275
Infectious Diseases (General),2021,110396.0,438.07936507936506,117081138.0,464607.6904761905,252
Infectious Diseases (General),2022,108491.0,412.51330798479086,157850143.0,600190.6577946768,263
Infectious Diseases (General),2023,109700.0,420.30651340996167,155610210.0,596207.7011494252,261
Infectious Diseases (General),2024,101017.0,391.5387596899225,128288156.0,497240.9147286822,258
Infectious Diseases (General),2025,81784.0,395.09178743961354,113471171.0,548169.9082125603,207
HIV / AIDS,2006,30408.0,410.9189189189189,37136356.0,501842.64864864864,74
HIV / AIDS,2007,36250.0,416.6666666666667,48462276.0,557037.6551724138,87
HIV / AIDS,2008,39538.0,403.44897959183675,48721440.0,497157.55102040817,98
HIV / AIDS,2009,52567.0,469.3482142857143,64414310.0,575127.7678571428,112
HIV / AIDS,2010,44350.0,430.58252427184465,60321962.0,585650.1165048544,103
HIV / AIDS,2011,36898.0,405.4725274725275,52754132.0,579715.7362637363,91
HIV / AIDS,2012,39878.0,474.73809523809524,45799298.0,545229.7380952381,84
HIV / AIDS,2013,33170.0,448.2432432432432,48677655.0,657806.1486486486,74
HIV / AIDS,2014,30680.0,420.2739726027397,41354123.0,566494.8356164383,73
HIV / AIDS,2015,31836.0,397.95,41066857.0,513335.7125,80
HIV / AIDS,2016,33918.0,418.74074074074076,42932631.0,530032.4814814815,81
HIV / AIDS,2017,37603.0,442.38823529411764,44246938.0,520552.2117647059,85
HIV / AIDS,2018,35307.0,425.3855421686747,41786154.0,503447.6385542169,83
HIV / AIDS,2019,34581.0,461.08,36798992.0,490653.2266666667,75
HIV / AIDS,2020,25804.0,409.58730158730157,33429641.0,530629.2222222222,63
HIV / AIDS,2021,30457.0,499.2950819672131,38339233.0,628512.0163934426,61
HIV / AIDS,2022,20664.0,421.7142857142857,31198678.0,636707.7142857143,49
HIV / AIDS,2023,19968.0,384.0,35529329.0,683256.3269230769,52
HIV / AIDS,2024,23904.0,362.1818181818182,39400636.0,596979.3333333334,66
HIV / AIDS,2025,22046.0,380.1034482758621,37927164.0,653916.6206896552,58
COVID-19 / SARS-CoV-2,2015,638.0,319.0,660869.0,330434.5,2
COVID-19 / SARS-CoV-2,2016,1313.0,328.25,1823569.0,455892.25,4
COVID-19 / SARS-CoV-2,2017,2684.0,335.5,4595045.0,574380.625,8
COVID-19 / SARS-CoV-2,2018,4110.0,342.5,6880313.0,573359.4166666666,12
COVID-19 / SARS-CoV-2,2019,6753.0,397.2352941176471,10394639.0,611449.3529411765,17
COVID-19 / SARS-CoV-2,2020,16199.0,404.975,19745854.0,493646.35,40
COVID-19 / SARS-CoV-2,2021,17282.0,421.5121951219512,22802111.0,556149.0487804879,41
COVID-19 / SARS-CoV-2,2022,19111.0,415.45652173913044,37850640.0,822840.0,46
COVID-19 / SARS-CoV-2,2023,23690.0,483.46938775510205,31065783.0,633995.5714285715,49
COVID-19 / SARS-CoV-2,2024,16483.0,392.45238095238096,22861194.0,544314.1428571428,42
COVID-19 / SARS-CoV-2,2025,12361.0,441.4642857142857,14168060.0,506002.14285714284,28
Influenza,2006,3187.0,398.375,3336576.0,417072.0,8
Influenza,2007,5086.0,462.3636363636364,3584875.0,325897.7272727273,11
Influenza,2008,3434.0,343.4,3545312.0,354531.2,10
Influenza,2009,5550.0,462.5,3463803.0,288650.25,12
Influenza,2010,3644.0,455.5,5480242.0,685030.25,8
Influenza,2011,3970.0,397.0,4162308.0,416230.8,10
Influenza,2012,5830.0,530.0,7449116.0,677192.3636363636,11
Influenza,2013,4528.0,377.3333333333333,7399557.0,616629.75,12
Influenza,2014,4676.0,389.6666666666667,6326164.0,527180.3333333334,12
Influenza,2015,7292.0,428.94117647058823,7647129.0,449831.1176470588,17
Influenza,2016,7769.0,408.89473684210526,7748238.0,407802.0,19
Influenza,2017,5825.0,388.3333333333333,6532002.0,435466.8,15
Influenza,2018,7976.0,379.8095238095238,11788001.0,561333.380952381,21
Influenza,2019,9328.0,424.0,11868614.0,539482.4545454546,22
Influenza,2020,9252.0,402.2608695652174,20472204.0,890095.8260869565,23
Influenza,2021,11119.0,397.10714285714283,15895934.0,567711.9285714285,28
Influenza,2022,14628.0,487.6,16433282.0,547776.0666666667,30
Influenza,2023,10708.0,465.5652173913044,16099273.0,699968.3913043478,23
Influenza,2024,7898.0,415.6842105263158,12444676.0,654982.947368421,19
Influenza,2025,4539.0,349.15384615384613,7196893.0,553607.1538461539,13
Tuberculosis,2006,5010.0,455.45454545454544,3632995.0,330272.2727272727,11
Tuberculosis,2007,5534.0,553.4,3892423.0,389242.3,10
Tuberculosis,2008,2766.0,345.75,3307831.0,413478.875,8
Tuberculosis,2009,6776.0,451.73333333333335,4799621.0,319974.73333333334,15
Tuberculosis,2010,6168.0,411.2,5346290.0,356419.3333333333,15
Tuberculosis,2011,5455.0,419.61538461538464,5059928.0,389225.23076923075,13
Tuberculosis,2012,6240.0,445.7142857142857,5809852.0,414989.4285714286,14
Tuberculosis,2013,6625.0,509.61538461538464,5442845.0,418680.3846153846,13
Tuberculosis,2014,4347.0,395.1818181818182,8629615.0,784510.4545454546,11
Tuberculosis,2015,3359.0,335.9,7324861.0,732486.1,10
Tuberculosis,2016,8251.0,434.2631578947368,10562095.0,555899.7368421053,19
Tuberculosis,2017,9750.0,487.5,9833797.0,491689.85,20
Tuberculosis,2018,6718.0,419.875,8904359.0,556522.4375,16
Tuberculosis,2019,7776.0,486.0,10266350.0,641646.875,16
Tuberculosis,2020,6511.0,361.72222222222223,20311115.0,1128395.2777777778,18
Tuberculosis,2021,7083.0,354.15,13666543.0,683327.15,20
Tuberculosis,2022,11169.0,507.6818181818182,11981709.0,544623.1363636364,22
Tuberculosis,2023,9147.0,415.77272727272725,12451052.0,565956.9090909091,22
Tuberculosis,2024,8986.0,427.9047619047619,10445191.0,497390.04761904763,21
Tuberculosis,2025,7644.0,382.2,11870935.0,593546.75,20
Malaria / Parasitology,2006,364.0,364.0,298583.0,298583.0,1
Malaria / Parasitology,2007,1211.0,302.75,636710.0,159177.5,4
Malaria / Parasitology,2008,1457.0,485.6666666666667,533490.0,177830.0,3
Malaria / Parasitology,2009,1675.0,418.75,1188384.0,297096.0,4
Malaria / Parasitology,2010,2793.0,399.0,1686836.0,240976.57142857142,7
Malaria / Parasitology,2011,2906.0,581.2,835452.0,167090.4,5
Malaria / Parasitology,2012,2535.0,362.14285714285717,1369921.0,195703.0,7
Malaria / Parasitology,2013,4558.0,651.1428571428571,1516595.0,216656.42857142858,7
Malaria / Parasitology,2014,1564.0,312.8,1170985.0,234197.0,5
Malaria / Parasitology,2015,3247.0,463.85714285714283,2049523.0,292789.0,7
Malaria / Parasitology,2016,3622.0,402.44444444444446,4393731.0,488192.3333333333,9
Malaria / Parasitology,2017,4443.0,444.3,5731416.0,573141.6,10
Malaria / Parasitology,2018,3747.0,374.7,3017279.0,301727.9,10
Malaria / Parasitology,2019,4009.0,445.44444444444446,2746750.0,305194.44444444444,9
Malaria / Parasitology,2020,4377.0,397.90909090909093,12665721.0,1151429.1818181819,11
Malaria / Parasitology,2021,4885.0,305.3125,8695948.0,543496.75,16
Malaria / Parasitology,2022,7594.0,584.1538461538462,5646591.0,434353.1538461539,13
Malaria / Parasitology,2023,2622.0,327.75,1995240.0,249405.0,8
Malaria / Parasitology,2024,2503.0,357.57142857142856,1252784.0,178969.14285714287,7
Malaria / Parasitology,2025,1820.0,364.0,1677029.0,335405.8,5
Antimicrobial Resistance,2006,1989.0,397.8,1386860.0,277372.0,5
Antimicrobial Resistance,2007,2961.0,423.0,2561651.0,365950.14285714284,7
Antimicrobial Resistance,2008,3269.0,467.0,2313466.0,330495.14285714284,7
Antimicrobial Resistance,2009,4370.0,364.1666666666667,3985775.0,332147.9166666667,12
Antimicrobial Resistance,2010,8940.0,525.8823529411765,9088542.0,534620.1176470588,17
Antimicrobial Resistance,2011,3612.0,401.3333333333333,2786567.0,309618.55555555556,9
Antimicrobial Resistance,2012,4688.0,468.8,3777059.0,377705.9,10
Antimicrobial Resistance,2013,4706.0,588.25,7895628.0,986953.5,8
Antimicrobial Resistance,2014,1787.0,357.4,6413577.0,1282715.4,5
Antimicrobial Resistance,2015,3947.0,358.8181818181818,5740707.0,521882.45454545453,11
Antimicrobial Resistance,2016,4670.0,424.54545454545456,4999996.0,454545.0909090909,11
Antimicrobial Resistance,2017,4353.0,483.6666666666667,4872519.0,541391.0,9
Antimicrobial Resistance,2018,5830.0,485.8333333333333,5850960.0,487580.0,12
Antimicrobial Resistance,2019,5305.0,378.92857142857144,7261587.0,518684.78571428574,14
Antimicrobial Resistance,2020,4694.0,391.1666666666667,6612495.0,551041.25,12
Antimicrobial Resistance,2021,5834.0,648.2222222222222,3644443.0,404938.1111111111,9
Antimicrobial Resistance,2022,2351.0,391.8333333333333,1720996.0,286832.6666666667,6
Antimicrobial Resistance,2023,4568.0,507.55555555555554,3057560.0,339728.8888888889,9
Antimicrobial Resistance,2024,2080.0,346.6666666666667,2450540.0,408423.3333333333,6
Antimicrobial Resistance,2025,3497.0,499.57142857142856,2341879.0,334554.14285714284,7
Virology (Non-HIV/Corona/Influenza),2006,60725.0,433.75,53024488.0,378746.34285714285,140
Virology (Non-HIV/Corona/Influenza),2007,59055.0,421.82142857142856,53161698.0,379726.4142857143,140
Virology (Non-HIV/Corona/Influenza),2008,58465.0,392.38255033557044,54704988.0,367147.57046979864,149
Virology (Non-HIV/Corona/Influenza),2009,76534.0,434.85227272727275,68435090.0,388835.73863636365,176
Virology (Non-HIV/Corona/Influenza),2010,71382.0,448.9433962264151,69238561.0,435462.6477987421,159
Virology (Non-HIV/Corona/Influenza),2011,50205.0,401.64,53517271.0,428138.168,125
Virology (Non-HIV/Corona/Influenza),2012,57242.0,411.8129496402878,60599222.0,435965.6258992806,139
Virology (Non-HIV/Corona/Influenza),2013,56519.0,438.13178294573646,54957277.0,426025.4031007752,129
Virology (Non-HIV/Corona/Influenza),2014,47240.0,403.7606837606838,53829981.0,460085.3076923077,117
Virology (Non-HIV/Corona/Influenza),2015,58004.0,389.28859060402687,65651923.0,440616.932885906,149
Virology (Non-HIV/Corona/Influenza),2016,65447.0,396.6484848484848,68182576.0,413227.73333333334,165
Virology (Non-HIV/Corona/Influenza),2017,70976.0,440.8447204968944,73819136.0,458503.950310559,161
Virology (Non-HIV/Corona/Influenza),2018,64790.0,404.9375,73265040.0,457906.5,160
Virology (Non-HIV/Corona/Influenza),2019,69016.0,454.05263157894734,74257039.0,488533.1513157895,152
Virology (Non-HIV/Corona/Influenza),2020,64183.0,414.0838709677419,73267446.0,472693.2,155
Virology (Non-HIV/Corona/Influenza),2021,58683.0,422.1798561151079,72730456.0,523240.690647482,139
Virology (Non-HIV/Corona/Influenza),2022,63870.0,428.6577181208054,94984578.0,637480.3892617449,149
Virology (Non-HIV/Corona/Influenza),2023,64006.0,421.0921052631579,83259351.0,547758.8881578947,152
Virology (Non-HIV/Corona/Influenza),2024,65258.0,383.8705882352941,86290912.0,507593.6,170
Virology (Non-HIV/Corona/Influenza),2025,51101.0,370.2971014492754,72868784.0,528034.6666666666,138
Bacteriology / Microbiology,2006,24529.0,422.91379310344826,21041277.0,362780.6379310345,58
Bacteriology / Microbiology,2007,23801.0,396.68333333333334,23837874.0,397297.9,60
Bacteriology / Microbiology,2008,28907.0,407.14084507042253,24791491.0,349175.92957746476,71
Bacteriology / Microbiology,2009,41177.0,457.52222222222224,29622314.0,329136.8222222222,90
Bacteriology / Microbiology,2010,38626.0,434.0,32098986.0,360662.76404494385,89
Bacteriology / Microbiology,2011,31708.0,401.36708860759495,28850622.0,365197.746835443,79
Bacteriology / Microbiology,2012,36256.0,426.54117647058825,33246582.0,391136.2588235294,85
Bacteriology / Microbiology,2013,34271.0,450.9342105263158,27671005.0,364092.1710526316,76
Bacteriology / Microbiology,2014,25669.0,401.078125,31519099.0,492485.921875,64
Bacteriology / Microbiology,2015,29531.0,388.5657894736842,33139513.0,436046.2236842105,76
Bacteriology / Microbiology,2016,37814.0,389.83505154639175,41155807.0,424286.6701030928,97
Bacteriology / Microbiology,2017,44964.0,428.22857142857146,43908404.0,418175.2761904762,105
Bacteriology / Microbiology,2018,40779.0,429.2526315789474,42126899.0,443441.04210526316,95
Bacteriology / Microbiology,2019,37801.0,429.5568181818182,41191620.0,468086.5909090909,88
Bacteriology / Microbiology,2020,43394.0,447.36082474226805,42426344.0,437384.9896907217,97
Bacteriology / Microbiology,2021,33277.0,443.6933333333333,32424405.0,432325.4,75
Bacteriology / Microbiology,2022,31321.0,412.11842105263156,33756221.0,444160.80263157893,76
Bacteriology / Microbiology,2023,37797.0,415.35164835164835,42470549.0,466709.3296703297,91
Bacteriology / Microbiology,2024,36510.0,410.2247191011236,40293380.0,452734.606741573,89
Bacteriology / Microbiology,2025,26917.0,414.10769230769233,33462684.0,514810.5230769231,65
Fungal / Mycology,2006,63646.0,400.28930817610063,37367400.0,235015.09433962265,159
Fungal / Mycology,2007,59417.0,380.87820512820514,38978477.0,249862.03205128206,156
Fungal / Mycology,2008,70210.0,420.4191616766467,40784892.0,244220.91017964072,167
Fungal / Mycology,2009,77246.0,413.0802139037433,52148141.0,278867.06417112297,187
Fungal / Mycology,2010,76535.0,447.5730994152047,63900871.0,373689.30409356725,171
Fungal / Mycology,2011,56730.0,383.31081081081084,42303601.0,285835.1418918919,148
Fungal / Mycology,2012,61925.0,410.0993377483444,44690908.0,295966.27814569534,151
Fungal / Mycology,2013,59283.0,442.410447761194,38727560.0,289011.6417910448,134
Fungal / Mycology,2014,46679.0,385.77685950413223,39834209.0,329208.3388429752,121
Fungal / Mycology,2015,54890.0,406.5925925925926,42570394.0,315336.2518518519,135
Fungal / Mycology,2016,53826.0,395.77941176470586,42058041.0,309250.30147058825,136
Fungal / Mycology,2017,51274.0,377.0147058823529,38335445.0,281878.27205882355,136
Fungal / Mycology,2018,59453.0,424.6642857142857,46426272.0,331616.22857142857,140
Fungal / Mycology,2019,53852.0,411.08396946564886,42444544.0,324004.1526717557,131
Fungal / Mycology,2020,55199.0,431.2421875,52440874.0,409694.328125,128
Fungal / Mycology,2021,47895.0,395.8264462809917,43572906.0,360106.6611570248,121
Fungal / Mycology,2022,58071.0,436.62406015037595,51664608.0,388455.6992481203,133
Fungal / Mycology,2023,55692.0,421.90909090909093,42540367.0,322275.50757575757,132
Fungal / Mycology,2024,52725.0,399.4318181818182,44058420.0,333775.9090909091,132
Fungal / Mycology,2025,37122.0,371.22,41229372.0,412293.72,100
Autoimmunity / Inflammation,2006,127549.0,414.12012987012986,111199633.0,361037.76948051946,308
Autoimmunity / Inflammation,2007,132344.0,399.8308157099698,120655843.0,364519.163141994,331
Autoimmunity / Inflammation,2008,142787.0,416.2886297376093,126134696.0,367739.638483965,343
Autoimmunity / Inflammation,2009,182093.0,434.58949880668257,164614115.0,392873.7828162291,419
Autoimmunity / Inflammation,2010,175077.0,444.3578680203046,158175417.0,401460.4492385787,394
Autoimmunity / Inflammation,2011,123335.0,404.37704918032784,129279882.0,423868.4655737705,305
Autoimmunity / Inflammation,2012,136165.0,401.6666666666667,137985926.0,407038.1297935103,339
Autoimmunity / Inflammation,2013,133590.0,432.33009708737865,131002397.0,423955.9773462783,309
Autoimmunity / Inflammation,2014,123779.0,429.78819444444446,124103668.0,430915.5138888889,288
Autoimmunity / Inflammation,2015,135180.0,421.1214953271028,135211527.0,421219.7102803738,321
Autoimmunity / Inflammation,2016,150697.0,400.7898936170213,152701564.0,406121.1808510638,376
Autoimmunity / Inflammation,2017,171936.0,420.38141809290954,170755018.0,417493.9315403423,409
Autoimmunity / Inflammation,2018,168644.0,394.95081967213116,171793456.0,402326.5948477752,427
Autoimmunity / Inflammation,2019,164432.0,420.54219948849106,167148065.0,427488.65728900256,391
Autoimmunity / Inflammation,2020,176455.0,433.55036855036855,202196644.0,496797.6511056511,407
Autoimmunity / Inflammation,2021,161908.0,424.95538057742783,167861952.0,440582.55118110235,381
Autoimmunity / Inflammation,2022,176513.0,426.35990338164254,224090948.0,541282.4830917874,414
Autoimmunity / Inflammation,2023,160555.0,402.3934837092732,213309642.0,534610.6315789474,399
Autoimmunity / Inflammation,2024,163876.0,392.98800959232614,202089692.0,484627.5587529976,417
Autoimmunity / Inflammation,2025,139219.0,385.6481994459834,187755926.0,520099.5180055402,361
Neurology / Neuroscience,2006,182324.0,407.88366890380314,142482509.0,318752.81655480986,447
Neurology / Neuroscience,2007,188698.0,419.3288888888889,151780456.0,337289.90222222224,450
Neurology / Neuroscience,2008,190868.0,428.9168539325843,145488747.0,326941.004494382,445
Neurology / Neuroscience,2009,216400.0,425.14734774066795,167705475.0,329480.304518664,509
Neurology / Neuroscience,2010,198319.0,428.3347732181426,168067937.0,362997.7041036717,463
Neurology / Neuroscience,2011,173827.0,404.24883720930234,156446644.0,363829.4046511628,430
Neurology / Neuroscience,2012,187237.0,403.5280172413793,167411975.0,360801.6702586207,464
Neurology / Neuroscience,2013,168955.0,411.0827250608273,152478997.0,370995.12652068125,411
Neurology / Neuroscience,2014,162210.0,420.23316062176167,150190056.0,389093.4093264249,386
Neurology / Neuroscience,2015,158236.0,418.6137566137566,145708678.0,385472.6931216931,378
Neurology / Neuroscience,2016,183333.0,419.5263157894737,185759423.0,425078.7711670481,437
Neurology / Neuroscience,2017,192947.0,404.5010482180293,194475320.0,407705.073375262,477
Neurology / Neuroscience,2018,220723.0,423.65259117082536,228260172.0,438119.3320537428,521
Neurology / Neuroscience,2019,210566.0,430.60531697341514,214423190.0,438493.23108384456,489
Neurology / Neuroscience,2020,227797.0,440.61315280464214,269283233.0,520857.3172147002,517
Neurology / Neuroscience,2021,202444.0,431.6503198294243,253958632.0,541489.6204690832,469
Neurology / Neuroscience,2022,231174.0,443.7120921305182,333025289.0,639204.009596929,521
Neurology / Neuroscience,2023,216811.0,436.23943661971833,315620795.0,635051.9014084507,497
Neurology / Neuroscience,2024,194843.0,402.5681818181818,284859175.0,588552.0144628099,484
Neurology / Neuroscience,2025,159098.0,380.61722488038276,273139645.0,653444.1267942584,418
Psychiatry / Mental Health,2006,100468.0,416.87966804979254,88505790.0,367243.9419087137,241
Psychiatry / Mental Health,2007,96487.0,408.84322033898303,86233005.0,365394.08898305084,236
Psychiatry / Mental Health,2008,101271.0,415.0450819672131,87496158.0,358590.81147540984,244
Psychiatry / Mental Health,2009,110727.0,435.93307086614175,95619107.0,376453.1771653543,254
Psychiatry / Mental Health,2010,98847.0,418.84322033898303,105442510.0,446790.2966101695,236
Psychiatry / Mental Health,2011,94462.0,393.59166666666664,103429323.0,430955.5125,240
Psychiatry / Mental Health,2012,111925.0,423.9583333333333,102982764.0,390086.2272727273,264
Psychiatry / Mental Health,2013,86548.0,428.45544554455444,85671019.0,424113.95544554456,202
Psychiatry / Mental Health,2014,84283.0,432.2205128205128,100924287.0,517560.44615384616,195
Psychiatry / Mental Health,2015,77036.0,409.7659574468085,93870372.0,499310.4893617021,188
Psychiatry / Mental Health,2016,80494.0,398.48514851485146,88208669.0,436676.5792079208,202
Psychiatry / Mental Health,2017,89584.0,412.8294930875576,98561930.0,454202.44239631336,217
Psychiatry / Mental Health,2018,97647.0,430.16299559471366,114687814.0,505232.66079295153,227
Psychiatry / Mental Health,2019,92392.0,446.33816425120773,104638617.0,505500.5652173913,207
Psychiatry / Mental Health,2020,86527.0,439.2233502538071,96694569.0,490835.37563451775,197
Psychiatry / Mental Health,2021,83106.0,444.41711229946526,91717166.0,490466.128342246,187
Psychiatry / Mental Health,2022,86181.0,430.905,96151645.0,480758.225,200
Psychiatry / Mental Health,2023,103183.0,462.70403587443946,108768931.0,487753.0538116592,223
Psychiatry / Mental Health,2024,87980.0,399.90909090909093,120989491.0,549952.2318181818,220
Psychiatry / Mental Health,2025,64150.0,379.58579881656806,107470708.0,635921.349112426,169
Addiction / Substance Use,2006,34605.0,397.7586206896552,34990357.0,402188.0114942529,87
Addiction / Substance Use,2007,37612.0,395.9157894736842,33346808.0,351019.0315789474,95
Addiction / Substance Use,2008,41518.0,461.31111111111113,32645445.0,362727.1666666667,90
Addiction / Substance Use,2009,50386.0,503.86,42415201.0,424152.01,100
Addiction / Substance Use,2010,40251.0,432.80645161290323,55669128.0,598592.7741935484,93
Addiction / Substance Use,2011,33543.0,394.6235294117647,43839315.0,515756.64705882355,85
Addiction / Substance Use,2012,43478.0,418.0576923076923,47667301.0,458339.4326923077,104
Addiction / Substance Use,2013,42878.0,420.37254901960785,59849149.0,586756.3627450981,102
Addiction / Substance Use,2014,42961.0,447.5104166666667,65190633.0,679069.09375,96
Addiction / Substance Use,2015,36968.0,434.91764705882355,57451628.0,675901.5058823529,85
Addiction / Substance Use,2016,34071.0,415.5,38856897.0,473864.5975609756,82
Addiction / Substance Use,2017,42939.0,408.9428571428571,52172658.0,496882.45714285714,105
Addiction / Substance Use,2018,41912.0,423.35353535353534,44915128.0,453688.16161616164,99
Addiction / Substance Use,2019,54154.0,475.03508771929825,94913344.0,832573.1929824562,114
Addiction / Substance Use,2020,51247.0,441.7844827586207,53267092.0,459199.0689655172,116
Addiction / Substance Use,2021,43036.0,430.36,51000355.0,510003.55,100
Addiction / Substance Use,2022,52995.0,464.86842105263156,55077812.0,483138.70175438595,114
Addiction / Substance Use,2023,54004.0,428.6031746031746,67186083.0,533222.880952381,126
Addiction / Substance Use,2024,48548.0,394.6991869918699,72395135.0,588578.3333333334,123
Addiction / Substance Use,2025,46044.0,390.20338983050846,82499290.0,699146.5254237289,118
Pediatrics / Developmental (neurodevelopmental overlap),2006,83153.0,419.9646464646465,91851949.0,463898.73232323234,198
Pediatrics / Developmental (neurodevelopmental overlap),2007,86577.0,412.27142857142854,95714564.0,455783.6380952381,210
Pediatrics / Developmental (neurodevelopmental overlap),2008,102249.0,435.1021276595745,98780537.0,420342.7106382979,235
Pediatrics / Developmental (neurodevelopmental overlap),2009,124305.0,437.693661971831,118823918.0,418394.07746478874,284
Pediatrics / Developmental (neurodevelopmental overlap),2010,117759.0,426.6630434782609,130928797.0,474379.6992753623,276
Pediatrics / Developmental (neurodevelopmental overlap),2011,108079.0,414.09578544061304,119623350.0,458327.0114942529,261
Pediatrics / Developmental (neurodevelopmental overlap),2012,109024.0,416.12213740458014,107963254.0,412073.48854961834,262
Pediatrics / Developmental (neurodevelopmental overlap),2013,97053.0,416.53648068669526,98839842.0,424205.330472103,233
Pediatrics / Developmental (neurodevelopmental overlap),2014,97231.0,420.9134199134199,104462658.0,452219.2987012987,231
Pediatrics / Developmental (neurodevelopmental overlap),2015,103844.0,429.10743801652893,107025714.0,442255.0165289256,242
Pediatrics / Developmental (neurodevelopmental overlap),2016,101519.0,416.0614754098361,109197548.0,447530.9344262295,244
Pediatrics / Developmental (neurodevelopmental overlap),2017,95227.0,414.0304347826087,97522922.0,424012.7043478261,230
Pediatrics / Developmental (neurodevelopmental overlap),2018,100371.0,454.1674208144796,116071607.0,525210.8914027149,221
Pediatrics / Developmental (neurodevelopmental overlap),2019,94297.0,451.1818181818182,116916222.0,559407.7607655502,209
Pediatrics / Developmental (neurodevelopmental overlap),2020,105040.0,420.16,128628943.0,514515.772,250
Pediatrics / Developmental (neurodevelopmental overlap),2021,95584.0,401.61344537815125,119070191.0,500294.9201680672,238
Pediatrics / Developmental (neurodevelopmental overlap),2022,121358.0,421.38194444444446,141617168.0,491726.27777777775,288
Pediatrics / Developmental (neurodevelopmental overlap),2023,135083.0,428.83492063492065,156578156.0,497073.5111111111,315
Pediatrics / Developmental (neurodevelopmental overlap),2024,123750.0,399.19354838709677,165752853.0,534686.6225806451,310
Pediatrics / Developmental (neurodevelopmental overlap),2025,90205.0,372.74793388429754,137975993.0,570148.7314049586,242
Aging / Geriatrics / Alzheimer’s,2006,141361.0,403.8885714285714,125943526.0,359838.6457142857,350
Aging / Geriatrics / Alzheimer’s,2007,153384.0,413.4339622641509,142374987.0,383760.07277628034,371
Aging / Geriatrics / Alzheimer’s,2008,149140.0,405.2717391304348,141557859.0,384668.0951086957,368
Aging / Geriatrics / Alzheimer’s,2009,192580.0,439.68036529680364,194470209.0,443995.91095890413,438
Aging / Geriatrics / Alzheimer’s,2010,183841.0,426.54524361948955,218668167.0,507350.73549883993,431
Aging / Geriatrics / Alzheimer’s,2011,160051.0,409.3375959079284,165198906.0,422503.59590792836,391
Aging / Geriatrics / Alzheimer’s,2012,174033.0,412.40047393364927,170977866.0,405160.81990521325,422
Aging / Geriatrics / Alzheimer’s,2013,159126.0,410.1185567010309,152098536.0,392006.5360824742,388
Aging / Geriatrics / Alzheimer’s,2014,151683.0,419.01381215469615,153861158.0,425030.82320441987,362
Aging / Geriatrics / Alzheimer’s,2015,163921.0,417.10178117048343,172404468.0,438688.213740458,393
Aging / Geriatrics / Alzheimer’s,2016,176842.0,416.0988235294118,205070203.0,482518.12470588234,425
Aging / Geriatrics / Alzheimer’s,2017,179512.0,400.69642857142856,206228785.0,460332.109375,448
Aging / Geriatrics / Alzheimer’s,2018,211799.0,411.26019417475726,253449510.0,492134.9708737864,515
Aging / Geriatrics / Alzheimer’s,2019,203479.0,422.155601659751,256815584.0,532812.4149377593,482
Aging / Geriatrics / Alzheimer’s,2020,213771.0,435.3788187372709,295299748.0,601425.1486761711,491
Aging / Geriatrics / Alzheimer’s,2021,202805.0,427.8586497890295,290540197.0,612954.0021097047,474
Aging / Geriatrics / Alzheimer’s,2022,225382.0,429.2990476190476,360370049.0,686419.140952381,525
Aging / Geriatrics / Alzheimer’s,2023,226635.0,424.41011235955057,348421499.0,652474.7172284644,534
Aging / Geriatrics / Alzheimer’s,2024,210587.0,396.5856873822976,325050630.0,612148.0790960452,531
Aging / Geriatrics / Alzheimer’s,2025,176329.0,381.66450216450215,318234733.0,688819.7683982684,462
Cardiovascular,2006,92201.0,413.45739910313904,102578723.0,459994.2735426009,223
Cardiovascular,2007,105051.0,418.52988047808765,105045523.0,418508.05976095615,251
Cardiovascular,2008,115200.0,423.52941176470586,104764689.0,385164.29779411765,272
Cardiovascular,2009,135703.0,430.8031746031746,134505891.0,427002.82857142854,315
Cardiovascular,2010,146005.0,442.43939393939394,170299017.0,516057.62727272726,330
Cardiovascular,2011,120073.0,428.83214285714286,126414333.0,451479.7607142857,280
Cardiovascular,2012,116761.0,426.1350364963504,117951095.0,430478.4489051095,274
Cardiovascular,2013,115505.0,434.2293233082707,119686079.0,449947.66541353386,266
Cardiovascular,2014,103322.0,413.288,113922904.0,455691.616,250
Cardiovascular,2015,99400.0,399.19678714859435,117053560.0,470094.6184738956,249
Cardiovascular,2016,125621.0,410.5261437908497,160022271.0,522948.59803921566,306
Cardiovascular,2017,133700.0,419.12225705329155,150912504.0,473079.94984326017,319
Cardiovascular,2018,143108.0,423.396449704142,170312997.0,503884.60650887573,338
Cardiovascular,2019,126314.0,422.45484949832775,140745103.0,470719.40802675585,299
Cardiovascular,2020,147076.0,449.7737003058104,200189199.0,612199.3853211009,327
Cardiovascular,2021,126217.0,444.42605633802816,155379250.0,547110.0352112676,284
Cardiovascular,2022,128538.0,424.2178217821782,189512784.0,625454.7326732674,303
Cardiovascular,2023,125860.0,434.0,180423474.0,622149.9103448276,290
Cardiovascular,2024,117191.0,398.60884353741494,167909170.0,571119.6258503401,294
Cardiovascular,2025,94135.0,372.07509881422925,151072075.0,597122.8260869565,253
Endocrine / Metabolic / Diabetes / Obesity,2006,93073.0,426.9403669724771,93625910.0,429476.65137614676,218
Endocrine / Metabolic / Diabetes / Obesity,2007,98134.0,426.6695652173913,90250531.0,392393.6130434783,230
Endocrine / Metabolic / Diabetes / Obesity,2008,103962.0,409.2992125984252,84524933.0,332775.32677165355,254
Endocrine / Metabolic / Diabetes / Obesity,2009,133588.0,429.54340836012864,122008062.0,392308.8810289389,311
Endocrine / Metabolic / Diabetes / Obesity,2010,144623.0,440.9237804878049,155044482.0,472696.59146341466,328
Endocrine / Metabolic / Diabetes / Obesity,2011,104388.0,407.765625,104422787.0,407901.51171875,256
Endocrine / Metabolic / Diabetes / Obesity,2012,111513.0,419.2218045112782,104552604.0,393054.9022556391,266
Endocrine / Metabolic / Diabetes / Obesity,2013,110472.0,440.12749003984067,106406396.0,423929.86454183265,251
Endocrine / Metabolic / Diabetes / Obesity,2014,102375.0,417.85714285714283,101373799.0,413770.6081632653,245
Endocrine / Metabolic / Diabetes / Obesity,2015,110443.0,418.344696969697,114148070.0,432379.05303030304,264
Endocrine / Metabolic / Diabetes / Obesity,2016,128499.0,417.20454545454544,141994267.0,461020.3474025974,308
Endocrine / Metabolic / Diabetes / Obesity,2017,134407.0,432.1768488745981,147959284.0,475753.3247588425,311
Endocrine / Metabolic / Diabetes / Obesity,2018,134063.0,426.95222929936307,156739514.0,499170.4267515924,314
Endocrine / Metabolic / Diabetes / Obesity,2019,120952.0,431.9714285714286,133763347.0,477726.2392857143,280
Endocrine / Metabolic / Diabetes / Obesity,2020,140873.0,448.640127388535,176672979.0,562652.7993630574,314
Endocrine / Metabolic / Diabetes / Obesity,2021,119548.0,428.4874551971326,133071721.0,476959.5734767025,279
Endocrine / Metabolic / Diabetes / Obesity,2022,128380.0,423.6963696369637,164351403.0,542413.8712871287,303
Endocrine / Metabolic / Diabetes / Obesity,2023,126792.0,426.90909090909093,162997759.0,548814.0033670034,297
Endocrine / Metabolic / Diabetes / Obesity,2024,126059.0,413.3081967213115,145735573.0,477821.5508196721,305
Endocrine / Metabolic / Diabetes / Obesity,2025,95524.0,368.81853281853284,142627172.0,550684.0617760618,259
Hematology / Blood,2006,7905.0,376.42857142857144,9256943.0,440806.8095238095,21
Hematology / Blood,2007,14522.0,427.11764705882354,14383105.0,423032.5,34
Hematology / Blood,2008,14618.0,395.0810810810811,15192514.0,410608.4864864865,37
Hematology / Blood,2009,22902.0,432.1132075471698,26920575.0,507935.37735849054,53
Hematology / Blood,2010,24045.0,471.47058823529414,23031117.0,451590.5294117647,51
Hematology / Blood,2011,17476.0,416.0952380952381,17762276.0,422911.3333333333,42
Hematology / Blood,2012,19052.0,423.3777777777778,16359019.0,363533.7555555556,45
Hematology / Blood,2013,17945.0,417.3255813953488,16020706.0,372574.5581395349,43
Hematology / Blood,2014,16218.0,377.16279069767444,14918696.0,346946.4186046512,43
Hematology / Blood,2015,21168.0,399.39622641509436,18459141.0,348285.679245283,53
Hematology / Blood,2016,22852.0,362.73015873015873,21008091.0,333461.7619047619,63
Hematology / Blood,2017,29809.0,444.910447761194,25741520.0,384201.7910447761,67
Hematology / Blood,2018,29509.0,427.6666666666667,23416261.0,339366.1014492754,69
Hematology / Blood,2019,25825.0,430.4166666666667,24214571.0,403576.18333333335,60
Hematology / Blood,2020,26991.0,385.5857142857143,29111042.0,415872.02857142856,70
Hematology / Blood,2021,28034.0,424.75757575757575,27076907.0,410256.1666666667,66
Hematology / Blood,2022,29360.0,431.7647058823529,31124771.0,457717.2205882353,68
Hematology / Blood,2023,28251.0,434.6307692307692,31311052.0,481708.4923076923,65
Hematology / Blood,2024,21080.0,345.57377049180326,28628045.0,469312.2131147541,61
Hematology / Blood,2025,22100.0,401.8181818181818,29000624.0,527284.0727272728,55
Oncology (Cancer),2006,127694.0,392.9046153846154,119414678.0,367429.7784615385,325
Oncology (Cancer),2007,139379.0,399.36676217765046,133696037.0,383083.2005730659,349
Oncology (Cancer),2008,155739.0,419.78167115902966,149304430.0,402437.8167115903,371
Oncology (Cancer),2009,173018.0,443.63589743589745,161642703.0,414468.4692307692,390
Oncology (Cancer),2010,151991.0,411.89972899728997,171144031.0,463804.9620596206,369
Oncology (Cancer),2011,127772.0,412.1677419354839,140234903.0,452370.6548387097,310
Oncology (Cancer),2012,131745.0,394.44610778443115,139903649.0,418873.2005988024,334
Oncology (Cancer),2013,137701.0,422.3957055214724,133396208.0,409190.8220858896,326
Oncology (Cancer),2014,125475.0,423.90202702702703,130845241.0,442044.7331081081,296
Oncology (Cancer),2015,121768.0,430.2756183745583,123494565.0,436376.55477031803,283
Oncology (Cancer),2016,112931.0,403.325,117563218.0,419868.6357142857,280
Oncology (Cancer),2017,126847.0,440.44097222222223,125546889.0,435926.6979166667,288
Oncology (Cancer),2018,126762.0,394.89719626168227,123285585.0,384067.2429906542,321
Oncology (Cancer),2019,106951.0,412.9382239382239,102907249.0,397325.28571428574,259
Oncology (Cancer),2020,124943.0,427.88698630136986,131375459.0,449915.95547945204,292
Oncology (Cancer),2021,125571.0,409.02605863192184,138930324.0,452541.7719869707,307
Oncology (Cancer),2022,119023.0,388.9640522875817,146189592.0,477743.76470588235,306
Oncology (Cancer),2023,136076.0,400.22352941176473,159285047.0,468485.4323529412,340
Oncology (Cancer),2024,133714.0,396.7774480712166,169581790.0,503210.059347181,337
Oncology (Cancer),2025,109706.0,382.25087108013935,157436458.0,548559.0871080139,287
Rare Diseases / Genetic Disorders,2006,3337.0,333.7,4188364.0,418836.4,10
Rare Diseases / Genetic Disorders,2007,6294.0,393.375,4683079.0,292692.4375,16
Rare Diseases / Genetic Disorders,2008,9052.0,393.5652173913044,6099540.0,265197.39130434784,23
Rare Diseases / Genetic Disorders,2009,14164.0,382.81081081081084,11764114.0,317949.02702702704,37
Rare Diseases / Genetic Disorders,2010,15782.0,426.5405405405405,14607189.0,394788.8918918919,37
Rare Diseases / Genetic Disorders,2011,9960.0,383.0769230769231,7549635.0,290370.57692307694,26
Rare Diseases / Genetic Disorders,2012,10005.0,416.875,7965751.0,331906.2916666667,24
Rare Diseases / Genetic Disorders,2013,7847.0,435.94444444444446,7708134.0,428229.6666666667,18
Rare Diseases / Genetic Disorders,2014,6349.0,423.26666666666665,7282907.0,485527.13333333336,15
Rare Diseases / Genetic Disorders,2015,7997.0,444.27777777777777,7027878.0,390437.6666666667,18
Rare Diseases / Genetic Disorders,2016,9335.0,405.8695652173913,8659511.0,376500.47826086957,23
Rare Diseases / Genetic Disorders,2017,9494.0,379.76,7458318.0,298332.72,25
Rare Diseases / Genetic Disorders,2018,9744.0,389.76,7961746.0,318469.84,25
Rare Diseases / Genetic Disorders,2019,12344.0,457.18518518518516,9251700.0,342655.55555555556,27
Rare Diseases / Genetic Disorders,2020,10348.0,398.0,8835341.0,339820.8076923077,26
Rare Diseases / Genetic Disorders,2021,7827.0,434.8333333333333,6294141.0,349674.5,18
Rare Diseases / Genetic Disorders,2022,9117.0,536.2941176470588,5936744.0,349220.23529411765,17
Rare Diseases / Genetic Disorders,2023,7456.0,392.42105263157896,6999055.0,368371.3157894737,19
Rare Diseases / Genetic Disorders,2024,6618.0,330.9,8178635.0,408931.75,20
Rare Diseases / Genetic Disorders,2025,7847.0,373.6666666666667,9783385.0,465875.4761904762,21
Gastroenterology / Hepatology,2006,102942.0,410.12749003984067,88292049.0,351761.1513944223,251
Gastroenterology / Hepatology,2007,115007.0,410.7392857142857,104906066.0,374664.52142857143,280
Gastroenterology / Hepatology,2008,129044.0,412.2811501597444,119802347.0,382755.1022364217,313
Gastroenterology / Hepatology,2009,161727.0,444.30494505494505,150563061.0,413634.782967033,364
Gastroenterology / Hepatology,2010,158678.0,434.73424657534247,204577152.0,560485.3479452055,365
Gastroenterology / Hepatology,2011,123613.0,410.6744186046512,145582247.0,483661.950166113,301
Gastroenterology / Hepatology,2012,143154.0,414.9391304347826,155505260.0,450739.884057971,345
Gastroenterology / Hepatology,2013,135900.0,439.80582524271847,141829775.0,458996.0355987055,309
Gastroenterology / Hepatology,2014,124166.0,411.1456953642384,144318243.0,477874.9768211921,302
Gastroenterology / Hepatology,2015,124719.0,430.0655172413793,133593317.0,460666.6103448276,290
Gastroenterology / Hepatology,2016,127672.0,419.9736842105263,141983182.0,467049.9407894737,304
Gastroenterology / Hepatology,2017,136102.0,440.4595469255663,146098277.0,472809.9579288026,309
Gastroenterology / Hepatology,2018,136507.0,420.02153846153846,143729919.0,442245.90461538464,325
Gastroenterology / Hepatology,2019,138240.0,437.46835443037975,186593354.0,590485.2974683545,316
Gastroenterology / Hepatology,2020,150359.0,438.36443148688045,174764165.0,509516.5160349854,343
Gastroenterology / Hepatology,2021,148540.0,436.88235294117646,182256075.0,536047.2794117647,340
Gastroenterology / Hepatology,2022,153701.0,424.58839779005524,214120633.0,591493.4613259669,362
Gastroenterology / Hepatology,2023,158745.0,427.88409703504044,242300713.0,653101.6522911051,371
Gastroenterology / Hepatology,2024,145247.0,399.0302197802198,214877088.0,590321.6703296703,364
Gastroenterology / Hepatology,2025,119040.0,367.4074074074074,195050401.0,602007.4104938272,324
Renal / Nephrology,2006,35003.0,380.4673913043478,33433126.0,363403.54347826086,92
Renal / Nephrology,2007,39625.0,417.10526315789474,34811259.0,366434.3052631579,95
Renal / Nephrology,2008,39834.0,394.3960396039604,36313937.0,359543.9306930693,101
Renal / Nephrology,2009,50893.0,434.982905982906,50439957.0,431110.74358974356,117
Renal / Nephrology,2010,52544.0,430.6885245901639,52781420.0,432634.59016393445,122
Renal / Nephrology,2011,44121.0,454.8556701030928,44241784.0,456100.86597938143,97
Renal / Nephrology,2012,34879.0,420.2289156626506,37167938.0,447806.4819277108,83
Renal / Nephrology,2013,34249.0,412.6385542168675,38791215.0,467364.0361445783,83
Renal / Nephrology,2014,33285.0,416.0625,34993548.0,437419.35,80
Renal / Nephrology,2015,31578.0,426.72972972972974,30331915.0,409890.74324324325,74
Renal / Nephrology,2016,35306.0,401.20454545454544,32010952.0,363760.8181818182,88
Renal / Nephrology,2017,37307.0,414.52222222222224,33991219.0,377680.2111111111,90
Renal / Nephrology,2018,34199.0,412.03614457831327,32512711.0,391719.4096385542,83
Renal / Nephrology,2019,35563.0,413.5232558139535,34697914.0,403464.11627906974,86
Renal / Nephrology,2020,40714.0,447.4065934065934,36324968.0,399175.47252747254,91
Renal / Nephrology,2021,39898.0,433.67391304347825,38223501.0,415472.8369565217,92
Renal / Nephrology,2022,36933.0,444.9759036144578,34364804.0,414033.7831325301,83
Renal / Nephrology,2023,34389.0,452.4868421052632,33313531.0,438335.9342105263,76
Renal / Nephrology,2024,30463.0,429.056338028169,33156309.0,466990.2676056338,71
Renal / Nephrology,2025,23536.0,356.6060606060606,31958978.0,484226.9393939394,66
Pulmonary / Respiratory,2006,57167.0,388.89115646258506,58414226.0,397375.68707482994,147
Pulmonary / Respiratory,2007,74972.0,398.78723404255317,72763021.0,387037.34574468085,188
Pulmonary / Respiratory,2008,77149.0,401.8177083333333,76463362.0,398246.6770833333,192
Pulmonary / Respiratory,2009,100425.0,446.3333333333333,91307097.0,405809.32,225
Pulmonary / Respiratory,2010,93172.0,435.38317757009344,114782205.0,536365.4439252337,214
Pulmonary / Respiratory,2011,75194.0,422.438202247191,77252384.0,434002.15730337077,178
Pulmonary / Respiratory,2012,74217.0,401.17297297297296,76571201.0,413898.38378378376,185
Pulmonary / Respiratory,2013,81878.0,440.2043010752688,80160559.0,430970.74731182796,186
Pulmonary / Respiratory,2014,71084.0,410.8901734104046,76094254.0,439851.17919075146,173
Pulmonary / Respiratory,2015,81371.0,413.0507614213198,94919095.0,481822.81725888327,197
Pulmonary / Respiratory,2016,91543.0,412.35585585585585,102242825.0,460553.26576576574,222
Pulmonary / Respiratory,2017,92230.0,395.83690987124464,105704120.0,453665.7510729614,233
Pulmonary / Respiratory,2018,87256.0,391.2825112107623,103870624.0,465787.5515695067,223
Pulmonary / Respiratory,2019,91139.0,442.42233009708735,104107177.0,505374.645631068,206
Pulmonary / Respiratory,2020,89814.0,429.73205741626793,107006048.0,511990.6602870813,209
Pulmonary / Respiratory,2021,71542.0,413.53757225433526,80200023.0,463583.9479768786,173
Pulmonary / Respiratory,2022,78436.0,402.2358974358974,91709219.0,470303.6871794872,195
Pulmonary / Respiratory,2023,75672.0,396.18848167539267,95248479.0,498683.13612565445,191
Pulmonary / Respiratory,2024,74428.0,379.734693877551,97099927.0,495407.7908163265,196
Pulmonary / Respiratory,2025,61653.0,364.81065088757396,85161870.0,503916.3905325444,169
Musculoskeletal / Orthopedics,2006,45520.0,417.61467889908255,36815899.0,337760.54128440365,109
Musculoskeletal / Orthopedics,2007,52234.0,414.55555555555554,42514654.0,337417.8888888889,126
Musculoskeletal / Orthopedics,2008,51089.0,389.99236641221376,42201280.0,322147.1755725191,131
Musculoskeletal / Orthopedics,2009,68251.0,411.15060240963857,60225749.0,362805.7168674699,166
Musculoskeletal / Orthopedics,2010,76243.0,456.54491017964074,69093604.0,413734.15568862273,167
Musculoskeletal / Orthopedics,2011,53628.0,409.37404580152673,46549398.0,355338.91603053437,131
Musculoskeletal / Orthopedics,2012,59153.0,438.1703703703704,51626447.0,382418.1259259259,135
Musculoskeletal / Orthopedics,2013,48831.0,428.3421052631579,38638876.0,338937.50877192983,114
Musculoskeletal / Orthopedics,2014,40885.0,408.85,34935331.0,349353.31,100
Musculoskeletal / Orthopedics,2015,43868.0,438.68,36088016.0,360880.16,100
Musculoskeletal / Orthopedics,2016,41414.0,418.32323232323233,37696714.0,380774.8888888889,99
Musculoskeletal / Orthopedics,2017,42367.0,403.4952380952381,39229884.0,373617.9428571428,105
Musculoskeletal / Orthopedics,2018,46065.0,434.57547169811323,47546698.0,448553.75471698114,106
Musculoskeletal / Orthopedics,2019,49437.0,445.3783783783784,76511735.0,689294.9099099099,111
Musculoskeletal / Orthopedics,2020,49843.0,449.036036036036,58357431.0,525742.6216216217,111
Musculoskeletal / Orthopedics,2021,43831.0,461.37894736842105,58001524.0,610542.3578947368,95
Musculoskeletal / Orthopedics,2022,38856.0,462.57142857142856,48058038.0,572119.5,84
Musculoskeletal / Orthopedics,2023,34753.0,429.04938271604937,39437464.0,486882.27160493826,81
Musculoskeletal / Orthopedics,2024,43084.0,402.6542056074766,59687706.0,557829.0280373832,107
Musculoskeletal / Orthopedics,2025,33874.0,384.9318181818182,45487519.0,516903.625,88
Dermatology / Skin,2006,13960.0,481.37931034482756,13133022.0,452862.8275862069,29
Dermatology / Skin,2007,10678.0,368.2068965517241,11666860.0,402305.5172413793,29
Dermatology / Skin,2008,19021.0,452.8809523809524,17228579.0,410204.2619047619,42
Dermatology / Skin,2009,23723.0,474.46,15460305.0,309206.1,50
Dermatology / Skin,2010,22087.0,394.4107142857143,19605650.0,350100.89285714284,56
Dermatology / Skin,2011,20086.0,418.4583333333333,17234377.0,359049.5208333333,48
Dermatology / Skin,2012,21845.0,428.3333333333333,20326761.0,398563.9411764706,51
Dermatology / Skin,2013,19862.0,413.7916666666667,20097463.0,418697.1458333333,48
Dermatology / Skin,2014,21016.0,437.8333333333333,16899833.0,352079.8541666667,48
Dermatology / Skin,2015,22382.0,430.4230769230769,17631320.0,339063.8461538461,52
Dermatology / Skin,2016,18920.0,402.5531914893617,17579934.0,374041.1489361702,47
Dermatology / Skin,2017,21089.0,390.537037037037,20921142.0,387428.55555555556,54
Dermatology / Skin,2018,25026.0,431.48275862068965,20700710.0,356908.7931034483,58
Dermatology / Skin,2019,21061.0,412.96078431372547,17482981.0,342803.54901960783,51
Dermatology / Skin,2020,23487.0,427.03636363636366,20410318.0,371096.6909090909,55
Dermatology / Skin,2021,18073.0,392.89130434782606,16770529.0,364576.7173913043,46
Dermatology / Skin,2022,20628.0,389.20754716981133,27480933.0,518508.1698113208,53
Dermatology / Skin,2023,23967.0,406.22033898305085,34113994.0,578203.2881355932,59
Dermatology / Skin,2024,22159.0,382.05172413793105,32583917.0,561791.6724137932,58
Dermatology / Skin,2025,22230.0,390.0,30211952.0,530034.245614035,57
Reproductive Health / Infertility,2006,26097.0,395.40909090909093,28211780.0,427451.2121212121,66
Reproductive Health / Infertility,2007,27344.0,414.3030303030303,28036909.0,424801.6515151515,66
Reproductive Health / Infertility,2008,30282.0,409.2162162162162,31965181.0,431961.9054054054,74
Reproductive Health / Infertility,2009,36508.0,462.126582278481,33945953.0,429695.60759493674,79
Reproductive Health / Infertility,2010,38185.0,460.06024096385545,34116163.0,411038.1084337349,83
Reproductive Health / Infertility,2011,27239.0,425.609375,27210289.0,425160.765625,64
Reproductive Health / Infertility,2012,25256.0,428.06779661016947,24214134.0,410409.0508474576,59
Reproductive Health / Infertility,2013,21628.0,415.9230769230769,18425384.0,354334.3076923077,52
Reproductive Health / Infertility,2014,23463.0,488.8125,29063213.0,605483.6041666666,48
Reproductive Health / Infertility,2015,18577.0,453.0975609756098,28052423.0,684205.4390243902,41
Reproductive Health / Infertility,2016,16835.0,400.8333333333333,28251655.0,672658.4523809524,42
Reproductive Health / Infertility,2017,15725.0,413.8157894736842,26816620.0,705700.5263157894,38
Reproductive Health / Infertility,2018,19698.0,419.1063829787234,29723061.0,632405.5531914893,47
Reproductive Health / Infertility,2019,17699.0,431.6829268292683,16492890.0,402265.60975609755,41
Reproductive Health / Infertility,2020,21337.0,435.44897959183675,21484602.0,438461.2653061224,49
Reproductive Health / Infertility,2021,18032.0,400.7111111111111,19192821.0,426507.13333333336,45
Reproductive Health / Infertility,2022,16714.0,397.95238095238096,18365024.0,437262.4761904762,42
Reproductive Health / Infertility,2023,24596.0,416.8813559322034,25845629.0,438061.5084745763,59
Reproductive Health / Infertility,2024,24288.0,398.1639344262295,26719517.0,438024.868852459,61
Reproductive Health / Infertility,2025,20577.0,395.71153846153845,31930591.0,614049.8269230769,52
Maternal / Fetal / Obstetrics,2006,21029.0,457.1521739130435,12862282.0,279614.82608695654,46
Maternal / Fetal / Obstetrics,2007,20017.0,417.0208333333333,14884052.0,310084.4166666667,48
Maternal / Fetal / Obstetrics,2008,21345.0,444.6875,17978992.0,374562.3333333333,48
Maternal / Fetal / Obstetrics,2009,26855.0,479.55357142857144,22822421.0,407543.23214285716,56
Maternal / Fetal / Obstetrics,2010,27519.0,491.4107142857143,39760889.0,710015.875,56
Maternal / Fetal / Obstetrics,2011,24345.0,442.6363636363636,29560100.0,537456.3636363636,55
Maternal / Fetal / Obstetrics,2012,23774.0,402.9491525423729,26685493.0,452296.4915254237,59
Maternal / Fetal / Obstetrics,2013,24914.0,395.46031746031747,24561873.0,389871.0,63
Maternal / Fetal / Obstetrics,2014,26580.0,450.50847457627117,28589550.0,484568.6440677966,59
Maternal / Fetal / Obstetrics,2015,22257.0,419.9433962264151,24767969.0,467320.1698113208,53
Maternal / Fetal / Obstetrics,2016,24743.0,466.8490566037736,33171583.0,625878.9245283019,53
Maternal / Fetal / Obstetrics,2017,20127.0,394.6470588235294,29745549.0,583246.0588235294,51
Maternal / Fetal / Obstetrics,2018,27349.0,479.8070175438597,30900008.0,542105.4035087719,57
Maternal / Fetal / Obstetrics,2019,25763.0,408.93650793650795,36563001.0,580365.0952380953,63
Maternal / Fetal / Obstetrics,2020,31412.0,407.94805194805195,38718707.0,502840.3506493507,77
Maternal / Fetal / Obstetrics,2021,31911.0,462.4782608695652,33407594.0,484168.02898550726,69
Maternal / Fetal / Obstetrics,2022,32844.0,476.0,33364181.0,483538.85507246375,69
Maternal / Fetal / Obstetrics,2023,33443.0,445.9066666666667,43608622.0,581448.2933333333,75
Maternal / Fetal / Obstetrics,2024,36361.0,404.0111111111111,56386028.0,626511.4222222222,90
Maternal / Fetal / Obstetrics,2025,30836.0,376.0487804878049,56410273.0,687930.1585365854,82
Ophthalmology / Vision,2006,34751.0,386.1222222222222,45653334.0,507259.26666666666,90
Ophthalmology / Vision,2007,43289.0,404.5700934579439,46459411.0,434200.1028037383,107
Ophthalmology / Vision,2008,45888.0,376.1311475409836,50888064.0,417115.2786885246,122
Ophthalmology / Vision,2009,62169.0,434.74825174825173,72390267.0,506225.6433566434,143
Ophthalmology / Vision,2010,52056.0,409.8897637795276,85029349.0,669522.4330708662,127
Ophthalmology / Vision,2011,54408.0,421.7674418604651,61015651.0,472989.54263565893,129
Ophthalmology / Vision,2012,46591.0,408.6929824561403,44529479.0,390609.4649122807,114
Ophthalmology / Vision,2013,42415.0,415.8333333333333,37124689.0,363967.53921568627,102
Ophthalmology / Vision,2014,43063.0,406.25471698113205,45168867.0,426121.38679245283,106
Ophthalmology / Vision,2015,48487.0,440.7909090909091,46515443.0,422867.66363636364,110
Ophthalmology / Vision,2016,44356.0,399.60360360360363,51063583.0,460032.2792792793,111
Ophthalmology / Vision,2017,45363.0,381.20168067226894,49855281.0,418951.9411764706,119
Ophthalmology / Vision,2018,57389.0,407.01418439716315,56365902.0,399758.170212766,141
Ophthalmology / Vision,2019,52229.0,417.832,77552667.0,620421.336,125
Ophthalmology / Vision,2020,56386.0,430.42748091603056,50677193.0,386848.80152671755,131
Ophthalmology / Vision,2021,44546.0,412.462962962963,50847451.0,470809.73148148146,108
Ophthalmology / Vision,2022,47709.0,394.2892561983471,66719607.0,551401.7107438017,121
Ophthalmology / Vision,2023,51045.0,411.6532258064516,99511827.0,802514.7338709678,124
Ophthalmology / Vision,2024,44226.0,381.2586206896552,82850492.0,714228.3793103448,116
Ophthalmology / Vision,2025,34347.0,350.4795918367347,62341481.0,636137.5612244898,98
Hearing / Otolaryngology,2006,6529.0,408.0625,4029419.0,251838.6875,16
Hearing / Otolaryngology,2007,8277.0,413.85,4086141.0,204307.05,20
Hearing / Otolaryngology,2008,8947.0,406.6818181818182,4122092.0,187367.81818181818,22
Hearing / Otolaryngology,2009,11887.0,396.23333333333335,6082049.0,202734.96666666667,30
Hearing / Otolaryngology,2010,12219.0,509.125,7029141.0,292880.875,24
Hearing / Otolaryngology,2011,10182.0,424.25,4638682.0,193278.41666666666,24
Hearing / Otolaryngology,2012,7863.0,357.40909090909093,5408361.0,245834.5909090909,22
Hearing / Otolaryngology,2013,9740.0,405.8333333333333,6752202.0,281341.75,24
Hearing / Otolaryngology,2014,9073.0,378.0416666666667,7408344.0,308681.0,24
Hearing / Otolaryngology,2015,11587.0,463.48,8545429.0,341817.16,25
Hearing / Otolaryngology,2016,9258.0,440.85714285714283,5830241.0,277630.5238095238,21
Hearing / Otolaryngology,2017,11502.0,410.7857142857143,8742405.0,312228.75,28
Hearing / Otolaryngology,2018,11389.0,438.03846153846155,8825881.0,339456.96153846156,26
Hearing / Otolaryngology,2019,12185.0,468.65384615384613,11823321.0,454743.1153846154,26
Hearing / Otolaryngology,2020,12362.0,386.3125,9037823.0,282431.96875,32
Hearing / Otolaryngology,2021,13825.0,445.96774193548384,8640587.0,278728.6129032258,31
Hearing / Otolaryngology,2022,13401.0,382.8857142857143,9794047.0,279829.9142857143,35
Hearing / Otolaryngology,2023,14146.0,416.05882352941177,11089074.0,326149.23529411765,34
Hearing / Otolaryngology,2024,15594.0,389.85,13411789.0,335294.725,40
Hearing / Otolaryngology,2025,11960.0,362.42424242424244,13248664.0,401474.6666666667,33
Dental / Oral Health,2006,138369.0,398.75792507204613,136028707.0,392013.56484149856,347
Dental / Oral Health,2007,149173.0,399.92761394101876,147309123.0,394930.62466487935,373
Dental / Oral Health,2008,170809.0,433.5253807106599,151882905.0,385489.6065989848,394
Dental / Oral Health,2009,194682.0,431.66740576496676,187237581.0,415160.933481153,451
Dental / Oral Health,2010,172680.0,428.4863523573201,193925139.0,481203.8188585608,403
Dental / Oral Health,2011,152412.0,411.92432432432435,150226047.0,406016.34324324323,370
Dental / Oral Health,2012,164060.0,423.9276485788114,144620765.0,373697.06718346255,387
Dental / Oral Health,2013,151631.0,444.66568914956014,121976010.0,357700.9090909091,341
Dental / Oral Health,2014,135264.0,414.92024539877303,121193130.0,371758.0674846626,326
Dental / Oral Health,2015,142131.0,421.75370919881306,125712975.0,373035.5341246291,337
Dental / Oral Health,2016,153410.0,412.39247311827955,143830142.0,386640.1666666667,372
Dental / Oral Health,2017,163814.0,397.6067961165049,145146720.0,352297.8640776699,412
Dental / Oral Health,2018,181467.0,436.21875,168692291.0,405510.3149038461,416
Dental / Oral Health,2019,160874.0,418.9427083333333,192352880.0,500918.9583333333,384
Dental / Oral Health,2020,188698.0,443.99529411764706,192316173.0,452508.64235294115,425
Dental / Oral Health,2021,163813.0,439.1769436997319,171741838.0,460433.8820375335,373
Dental / Oral Health,2022,171380.0,410.0,198439707.0,474736.14114832535,418
Dental / Oral Health,2023,183489.0,423.7621247113164,204490324.0,472264.02771362587,433
Dental / Oral Health,2024,175709.0,398.43310657596373,212153545.0,481073.79818594106,441
Dental / Oral Health,2025,141282.0,377.75935828877004,184608579.0,493605.82620320853,374
Immunology,2006,108895.0,422.0736434108527,84887815.0,329022.5387596899,258
Immunology,2007,107342.0,396.0959409594096,94452994.0,348535.0332103321,271
Immunology,2008,119957.0,417.9686411149826,103899968.0,362020.7944250871,287
Immunology,2009,140808.0,431.92638036809814,126879159.0,389199.87423312885,326
Immunology,2010,139210.0,429.6604938271605,124470486.0,384168.1666666667,324
Immunology,2011,100561.0,402.244,97718026.0,390872.104,250
Immunology,2012,104864.0,392.749063670412,108785768.0,407437.3333333333,267
Immunology,2013,99396.0,417.6302521008403,94694964.0,397878.0,238
Immunology,2014,93471.0,422.9457013574661,90194582.0,408120.2805429864,221
Immunology,2015,107165.0,407.47148288973386,100395535.0,381732.072243346,263
Immunology,2016,127710.0,405.42857142857144,114286512.0,362814.32380952383,315
Immunology,2017,139959.0,411.6441176470588,128425835.0,377723.04411764705,340
Immunology,2018,144938.0,391.7243243243243,132965078.0,359365.0756756757,370
Immunology,2019,140903.0,424.4066265060241,131116063.0,394927.9006024096,332
Immunology,2020,140683.0,421.2065868263473,150591941.0,450874.0748502994,334
Immunology,2021,137513.0,416.7060606060606,155635289.0,471622.0878787879,330
Immunology,2022,153903.0,434.7542372881356,178433294.0,504048.85310734465,354
Immunology,2023,130153.0,388.5164179104478,158522463.0,473201.38208955224,335
Immunology,2024,137842.0,385.0335195530726,169067433.0,472255.39944134076,358
Immunology,2025,117713.0,377.2852564102564,159004198.0,509628.83974358975,312
Global Health,2006,516.0,258.0,270846.0,135423.0,2
Global Health,2007,710.0,355.0,463116.0,231558.0,2
Global Health,2008,1052.0,350.6666666666667,489204.0,163068.0,3
Global Health,2009,2507.0,358.14285714285717,1807179.0,258168.42857142858,7
Global Health,2010,5770.0,577.0,3460948.0,346094.8,10
Global Health,2011,3252.0,361.3333333333333,1849930.0,205547.77777777778,9
Global Health,2012,3097.0,387.125,1581653.0,197706.625,8
Global Health,2013,3996.0,444.0,1659866.0,184429.55555555556,9
Global Health,2014,3278.0,409.75,2017885.0,252235.625,8
Global Health,2015,4375.0,397.72727272727275,3018362.0,274396.54545454547,11
Global Health,2016,5819.0,447.61538461538464,3688848.0,283757.53846153844,13
Global Health,2017,4005.0,400.5,2684929.0,268492.9,10
Global Health,2018,3382.0,422.75,2395472.0,299434.0,8
Global Health,2019,2828.0,404.0,2065840.0,295120.0,7
Global Health,2020,5371.0,413.15384615384613,5284548.0,406503.6923076923,13
Global Health,2021,5451.0,389.35714285714283,6441186.0,460084.71428571426,14
Global Health,2022,5002.0,333.46666666666664,6513077.0,434205.13333333336,15
Global Health,2023,7277.0,404.27777777777777,8070077.0,448337.6111111111,18
Global Health,2024,10123.0,404.92,8410620.0,336424.8,25
Global Health,2025,5824.0,364.0,6165278.0,385329.875,16
Nutrition / Diet / Exercise,2006,36840.0,404.83516483516485,40571407.0,445839.6373626374,91
Nutrition / Diet / Exercise,2007,47632.0,425.2857142857143,42625749.0,380587.04464285716,112
Nutrition / Diet / Exercise,2008,47483.0,431.6636363636364,41865780.0,380598.0,110
Nutrition / Diet / Exercise,2009,57793.0,424.9485294117647,47979023.0,352786.9338235294,136
Nutrition / Diet / Exercise,2010,58925.0,423.9208633093525,80332563.0,577932.1079136691,139
Nutrition / Diet / Exercise,2011,51662.0,441.55555555555554,53052091.0,453436.6752136752,117
Nutrition / Diet / Exercise,2012,46659.0,428.0642201834862,53295066.0,488945.55963302753,109
Nutrition / Diet / Exercise,2013,44106.0,445.5151515151515,51398755.0,519179.3434343434,99
Nutrition / Diet / Exercise,2014,44693.0,429.74038461538464,53564236.0,515040.73076923075,104
Nutrition / Diet / Exercise,2015,42416.0,428.44444444444446,47408408.0,478872.8080808081,99
Nutrition / Diet / Exercise,2016,51098.0,444.3304347826087,61559337.0,535298.5826086956,115
Nutrition / Diet / Exercise,2017,43028.0,405.92452830188677,52839556.0,498486.37735849054,106
Nutrition / Diet / Exercise,2018,50874.0,431.135593220339,73759228.0,625078.2033898305,118
Nutrition / Diet / Exercise,2019,46136.0,401.18260869565216,69233380.0,602029.3913043478,115
Nutrition / Diet / Exercise,2020,62069.0,449.77536231884056,84117751.0,609548.9202898551,138
Nutrition / Diet / Exercise,2021,50781.0,430.3474576271187,68779642.0,582878.3220338983,118
Nutrition / Diet / Exercise,2022,56715.0,461.0975609756098,69996060.0,569073.6585365854,123
Nutrition / Diet / Exercise,2023,50593.0,439.9391304347826,70929984.0,616782.4695652174,115
Nutrition / Diet / Exercise,2024,48181.0,408.3135593220339,79741161.0,675772.5508474576,118
Nutrition / Diet / Exercise,2025,39299.0,374.2761904761905,77691901.0,739922.8666666667,105
Environmental Health / Exposure / Toxicology,2006,212287.0,402.82163187855787,197311348.0,374404.834914611,527
Environmental Health / Exposure / Toxicology,2007,239148.0,402.6060606060606,227894333.0,383660.49326599325,594
Environmental Health / Exposure / Toxicology,2008,271400.0,411.2121212121212,238953828.0,362051.2545454545,660
Environmental Health / Exposure / Toxicology,2009,345303.0,432.7105263157895,318458593.0,399070.9185463659,798
Environmental Health / Exposure / Toxicology,2010,333039.0,437.0590551181102,347538965.0,456087.8805774278,762
Environmental Health / Exposure / Toxicology,2011,283485.0,412.6419213973799,284161289.0,413626.3304221252,687
Environmental Health / Exposure / Toxicology,2012,290904.0,418.56690647482014,277819579.0,399740.40143884893,695
Environmental Health / Exposure / Toxicology,2013,269904.0,417.80804953560374,274505266.0,424930.7523219814,646
Environmental Health / Exposure / Toxicology,2014,248289.0,413.815,267309493.0,445515.82166666666,600
Environmental Health / Exposure / Toxicology,2015,254797.0,410.3011272141707,274660140.0,442286.8599033816,621
Environmental Health / Exposure / Toxicology,2016,282046.0,406.992784992785,280593062.0,404896.19336219336,693
Environmental Health / Exposure / Toxicology,2017,313686.0,420.4906166219839,303675357.0,407071.52412868635,746
Environmental Health / Exposure / Toxicology,2018,322718.0,414.80462724935734,326042945.0,419078.3354755784,778
Environmental Health / Exposure / Toxicology,2019,301534.0,426.4978783592645,309470632.0,437723.6661951909,707
Environmental Health / Exposure / Toxicology,2020,322461.0,427.66710875331563,356696065.0,473071.7042440318,754
Environmental Health / Exposure / Toxicology,2021,298521.0,427.068669527897,336251458.0,481046.43490701,699
Environmental Health / Exposure / Toxicology,2022,320292.0,419.7798165137615,399749565.0,523918.17169069464,763
Environmental Health / Exposure / Toxicology,2023,323999.0,419.1448900388098,434461353.0,562045.7347994825,773
Environmental Health / Exposure / Toxicology,2024,300943.0,394.42070773263436,398057881.0,521701.02359108784,763
Environmental Health / Exposure / Toxicology,2025,244182.0,375.6646153846154,379085505.0,583208.4692307692,650
