Method_Topic,fiscal_year,duration_days_sum,duration_days_avg,award_amount_sum,award_amount_avg,num_projects
Systems / Cell / Molecular Biology,2006,288029.0,401.1545961002785,255547241.0,355915.3774373259,718
Systems / Cell / Molecular Biology,2007,314333.0,405.59096774193546,292779241.0,377779.66580645164,775
Systems / Cell / Molecular Biology,2008,347635.0,414.3444576877235,308225538.0,367372.51251489867,839
Systems / Cell / Molecular Biology,2009,421655.0,425.9141414141414,371167691.0,374916.8595959596,990
Systems / Cell / Molecular Biology,2010,409823.0,436.91151385927503,375233304.0,400035.5053304904,938
Systems / Cell / Molecular Biology,2011,306675.0,395.19974226804123,298338198.0,384456.4407216495,776
Systems / Cell / Molecular Biology,2012,343884.0,412.33093525179856,311398332.0,373379.29496402876,834
Systems / Cell / Molecular Biology,2013,319698.0,421.2094861660079,284387227.0,374686.7285902503,759
Systems / Cell / Molecular Biology,2014,299969.0,410.9164383561644,295987263.0,405462.00410958903,730
Systems / Cell / Molecular Biology,2015,316079.0,410.4922077922078,302340326.0,392649.77402597404,770
Systems / Cell / Molecular Biology,2016,345112.0,402.2284382284382,336800200.0,392541.0256410256,858
Systems / Cell / Molecular Biology,2017,377970.0,407.29525862068965,363521338.0,391725.5797413793,928
Systems / Cell / Molecular Biology,2018,402421.0,411.47341513292434,397390753.0,406330.0132924335,978
Systems / Cell / Molecular Biology,2019,373719.0,419.43771043771045,398245955.0,446965.1571268238,891
Systems / Cell / Molecular Biology,2020,407500.0,428.4963196635121,437293287.0,459824.6971608833,951
Systems / Cell / Molecular Biology,2021,369117.0,414.738202247191,393939610.0,442628.7752808989,890
Systems / Cell / Molecular Biology,2022,396509.0,416.9390115667718,474341675.0,498781.992639327,951
Systems / Cell / Molecular Biology,2023,399430.0,408.41513292433535,500532773.0,511792.20143149287,978
Systems / Cell / Molecular Biology,2024,386463.0,395.15644171779144,458125329.0,468430.8067484663,978
Systems / Cell / Molecular Biology,2025,314293.0,374.6042908224076,449971104.0,536318.3599523242,839
Biophysics / Biochemistry / Structural,2006,152348.0,404.106100795756,132730610.0,352070.5835543767,377
Biophysics / Biochemistry / Structural,2007,177086.0,404.30593607305934,163375051.0,373002.39954337897,438
Biophysics / Biochemistry / Structural,2008,185063.0,414.01118568232664,168527882.0,377019.870246085,447
Biophysics / Biochemistry / Structural,2009,217699.0,426.0254403131116,206082823.0,403293.19569471624,511
Biophysics / Biochemistry / Structural,2010,216278.0,438.69776876267747,251081846.0,509293.8052738337,493
Biophysics / Biochemistry / Structural,2011,164283.0,414.8560606060606,174110375.0,439672.66414141416,396
Biophysics / Biochemistry / Structural,2012,171387.0,411.9879807692308,172571483.0,414835.29567307694,416
Biophysics / Biochemistry / Structural,2013,158174.0,429.82065217391306,161406119.0,438603.58423913043,368
Biophysics / Biochemistry / Structural,2014,166225.0,428.41494845360825,183972470.0,474155.8505154639,388
Biophysics / Biochemistry / Structural,2015,155004.0,414.44919786096256,180243153.0,481933.56417112297,374
Biophysics / Biochemistry / Structural,2016,171102.0,408.35799522673034,204675282.0,488485.1599045346,419
Biophysics / Biochemistry / Structural,2017,180030.0,393.9387308533917,201969777.0,441946.9956236324,457
Biophysics / Biochemistry / Structural,2018,202011.0,429.81063829787234,240293131.0,511261.98085106385,470
Biophysics / Biochemistry / Structural,2019,180354.0,418.45475638051045,237583000.0,551236.6589327146,431
Biophysics / Biochemistry / Structural,2020,197198.0,432.45175438596493,247339457.0,542411.0899122807,456
Biophysics / Biochemistry / Structural,2021,179219.0,429.7817745803357,226987123.0,544333.6282973621,417
Biophysics / Biochemistry / Structural,2022,174425.0,414.3111638954869,239189734.0,568146.6365795725,421
Biophysics / Biochemistry / Structural,2023,183965.0,426.8329466357309,231657786.0,537489.0626450116,431
Biophysics / Biochemistry / Structural,2024,177358.0,399.4549549549549,232105789.0,522760.78603603604,444
Biophysics / Biochemistry / Structural,2025,137438.0,374.49046321525884,209786782.0,571626.1089918256,367
Model Organisms,2006,48756.0,416.71794871794873,37788545.0,322979.0170940171,117
Model Organisms,2007,53222.0,419.07086614173227,39785283.0,313269.94488188974,127
Model Organisms,2008,51999.0,382.34558823529414,38216257.0,281001.88970588235,136
Model Organisms,2009,74033.0,430.4244186046512,50483516.0,293508.81395348837,172
Model Organisms,2010,66121.0,432.16339869281046,49403892.0,322901.2549019608,153
Model Organisms,2011,53615.0,400.1119402985075,41864536.0,312421.9104477612,134
Model Organisms,2012,58834.0,426.3333333333333,45423256.0,329154.02898550726,138
Model Organisms,2013,55912.0,430.0923076923077,40405863.0,310814.3307692308,130
Model Organisms,2014,58112.0,403.55555555555554,48423743.0,336275.99305555556,144
Model Organisms,2015,67342.0,410.6219512195122,56244070.0,342951.64634146343,164
Model Organisms,2016,72768.0,406.52513966480444,62371598.0,348444.68156424584,179
Model Organisms,2017,79792.0,409.1897435897436,65958270.0,338247.53846153844,195
Model Organisms,2018,81862.0,397.3883495145631,70913884.0,344242.1553398058,206
Model Organisms,2019,96345.0,443.98617511520735,77856704.0,358786.65437788016,217
Model Organisms,2020,92405.0,416.23873873873873,84985586.0,382817.95495495497,222
Model Organisms,2021,89049.0,420.04245283018867,81016423.0,382152.9386792453,212
Model Organisms,2022,82477.0,408.3019801980198,82626420.0,409041.68316831684,202
Model Organisms,2023,92259.0,413.7174887892377,92712408.0,415750.7085201794,223
Model Organisms,2024,88609.0,395.57589285714283,96841886.0,432329.84821428574,224
Model Organisms,2025,71954.0,393.1912568306011,91471030.0,499841.69398907106,183
Genomics / Genetics / Sequencing,2006,162538.0,426.6089238845144,143847768.0,377553.1968503937,381
Genomics / Genetics / Sequencing,2007,164090.0,401.19804400977995,153558721.0,375449.19559902203,409
Genomics / Genetics / Sequencing,2008,179700.0,417.90697674418607,162877532.0,378784.95813953487,430
Genomics / Genetics / Sequencing,2009,229721.0,436.7319391634981,222852959.0,423674.8269961977,526
Genomics / Genetics / Sequencing,2010,224091.0,445.5089463220676,229307011.0,455878.74950298213,503
Genomics / Genetics / Sequencing,2011,168615.0,395.8098591549296,181041091.0,424979.08685446007,426
Genomics / Genetics / Sequencing,2012,190502.0,403.60593220338984,196922996.0,417209.73728813557,472
Genomics / Genetics / Sequencing,2013,190624.0,435.2146118721461,177305341.0,404806.71461187216,438
Genomics / Genetics / Sequencing,2014,174456.0,417.35885167464113,169508255.0,405522.14114832535,418
Genomics / Genetics / Sequencing,2015,188327.0,421.31319910514543,180513910.0,403834.2505592841,447
Genomics / Genetics / Sequencing,2016,191122.0,409.254817987152,204608614.0,438134.07708779443,467
Genomics / Genetics / Sequencing,2017,207797.0,403.48932038834954,207076549.0,402090.386407767,515
Genomics / Genetics / Sequencing,2018,247548.0,425.340206185567,238904639.0,410489.0704467354,582
Genomics / Genetics / Sequencing,2019,219684.0,426.5708737864078,222699667.0,432426.53786407766,515
Genomics / Genetics / Sequencing,2020,244260.0,444.1090909090909,284223877.0,516770.6854545454,550
Genomics / Genetics / Sequencing,2021,209463.0,413.14201183431953,235754983.0,464999.96646942804,507
Genomics / Genetics / Sequencing,2022,247095.0,428.2409012131716,309464869.0,536334.2616984402,577
Genomics / Genetics / Sequencing,2023,243110.0,413.45238095238096,327415874.0,556829.7176870748,588
Genomics / Genetics / Sequencing,2024,235108.0,395.13949579831933,295519284.0,496671.0655462185,595
Genomics / Genetics / Sequencing,2025,184062.0,373.35091277890467,274159506.0,556104.4746450305,493
Transcriptomics / Proteomics / Metabolomics,2006,23139.0,405.94736842105266,23306189.0,408880.50877192983,57
Transcriptomics / Proteomics / Metabolomics,2007,23492.0,378.9032258064516,26418534.0,426105.3870967742,62
Transcriptomics / Proteomics / Metabolomics,2008,26485.0,395.2985074626866,28758854.0,429236.62686567166,67
Transcriptomics / Proteomics / Metabolomics,2009,33879.0,413.1585365853659,30361469.0,370261.81707317074,82
Transcriptomics / Proteomics / Metabolomics,2010,34487.0,436.54430379746833,30237100.0,382748.10126582277,79
Transcriptomics / Proteomics / Metabolomics,2011,20311.0,369.2909090909091,23233307.0,422423.7636363636,55
Transcriptomics / Proteomics / Metabolomics,2012,25737.0,373.0,29418241.0,426351.3188405797,69
Transcriptomics / Proteomics / Metabolomics,2013,29980.0,399.73333333333335,32073641.0,427648.5466666667,75
Transcriptomics / Proteomics / Metabolomics,2014,30722.0,432.7042253521127,29544509.0,416119.8450704225,71
Transcriptomics / Proteomics / Metabolomics,2015,31735.0,401.7088607594937,34183367.0,432700.84810126584,79
Transcriptomics / Proteomics / Metabolomics,2016,38541.0,414.4193548387097,39736496.0,427274.1505376344,93
Transcriptomics / Proteomics / Metabolomics,2017,45762.0,431.7169811320755,48097609.0,453751.0283018868,106
Transcriptomics / Proteomics / Metabolomics,2018,56645.0,387.97945205479454,47738796.0,326978.05479452055,146
Transcriptomics / Proteomics / Metabolomics,2019,56052.0,424.6363636363636,53091671.0,402209.6287878788,132
Transcriptomics / Proteomics / Metabolomics,2020,62856.0,427.59183673469386,83163892.0,565740.7619047619,147
Transcriptomics / Proteomics / Metabolomics,2021,54547.0,422.84496124031006,59629951.0,462247.68217054266,129
Transcriptomics / Proteomics / Metabolomics,2022,61450.0,401.63398692810455,98937316.0,646649.1241830066,153
Transcriptomics / Proteomics / Metabolomics,2023,66370.0,409.69135802469134,105619480.0,651972.0987654321,162
Transcriptomics / Proteomics / Metabolomics,2024,67788.0,387.36,83700263.0,478287.21714285715,175
Transcriptomics / Proteomics / Metabolomics,2025,62939.0,383.7743902439024,98041834.0,597816.0609756098,164
Bioinformatics / Computational Biology,2006,75153.0,417.51666666666665,82709613.0,459497.85,180
Bioinformatics / Computational Biology,2007,82174.0,410.87,93266981.0,466334.905,200
Bioinformatics / Computational Biology,2008,85615.0,409.64114832535887,97211178.0,465125.25358851673,209
Bioinformatics / Computational Biology,2009,104479.0,431.7314049586777,120878084.0,499496.2148760331,242
Bioinformatics / Computational Biology,2010,103546.0,436.9029535864979,150533423.0,635162.1223628692,237
Bioinformatics / Computational Biology,2011,85603.0,411.55288461538464,98059744.0,471441.07692307694,208
Bioinformatics / Computational Biology,2012,91702.0,422.58986175115206,96775843.0,445971.6267281106,217
Bioinformatics / Computational Biology,2013,80373.0,446.51666666666665,78808093.0,437822.7388888889,180
Bioinformatics / Computational Biology,2014,75491.0,417.0773480662983,96479053.0,533033.4419889502,181
Bioinformatics / Computational Biology,2015,87534.0,426.9951219512195,102516752.0,500081.71707317076,205
Bioinformatics / Computational Biology,2016,88945.0,417.5821596244131,121756898.0,571628.6291079812,213
Bioinformatics / Computational Biology,2017,100632.0,422.8235294117647,131631244.0,553072.4537815126,238
Bioinformatics / Computational Biology,2018,129706.0,428.07260726072604,151827854.0,501082.0264026403,303
Bioinformatics / Computational Biology,2019,115297.0,441.7509578544061,140627737.0,538803.5900383142,261
Bioinformatics / Computational Biology,2020,105669.0,429.5487804878049,166206773.0,675637.2886178861,246
Bioinformatics / Computational Biology,2021,100550.0,424.26160337552744,132902571.0,560770.3417721519,237
Bioinformatics / Computational Biology,2022,106374.0,407.5632183908046,190468936.0,729766.0383141763,261
Bioinformatics / Computational Biology,2023,113697.0,438.984555984556,211034513.0,814805.0694980695,259
Bioinformatics / Computational Biology,2024,102117.0,408.468,155285084.0,621140.336,250
Bioinformatics / Computational Biology,2025,79688.0,372.3738317757009,137921351.0,644492.2943925234,214
Machine Learning / AI / Data Science,2006,310888.0,411.7721854304636,241089738.0,319324.1562913907,755
Machine Learning / AI / Data Science,2007,337045.0,412.5397796817625,265425216.0,324877.8653610771,817
Machine Learning / AI / Data Science,2008,352670.0,412.9625292740047,271730894.0,318186.0585480094,854
Machine Learning / AI / Data Science,2009,445741.0,437.00098039215686,357489122.0,350479.531372549,1020
Machine Learning / AI / Data Science,2010,418636.0,440.6694736842105,395382073.0,416191.6557894737,950
Machine Learning / AI / Data Science,2011,339906.0,412.0072727272727,303932998.0,368403.6339393939,825
Machine Learning / AI / Data Science,2012,355112.0,413.40162980209544,306754414.0,357106.4190919674,859
Machine Learning / AI / Data Science,2013,339239.0,434.9217948717949,285172117.0,365605.2782051282,780
Machine Learning / AI / Data Science,2014,319188.0,417.2392156862745,307702381.0,402225.3346405229,765
Machine Learning / AI / Data Science,2015,344310.0,420.4029304029304,320126241.0,390874.53113553114,819
Machine Learning / AI / Data Science,2016,350885.0,406.11689814814815,355324718.0,411255.46064814815,864
Machine Learning / AI / Data Science,2017,376774.0,407.32324324324327,369953490.0,399949.7189189189,925
Machine Learning / AI / Data Science,2018,418716.0,420.3975903614458,390732102.0,392301.3072289157,996
Machine Learning / AI / Data Science,2019,381043.0,421.9745293466224,403609205.0,446964.7895902547,903
Machine Learning / AI / Data Science,2020,423591.0,432.67722165474976,463051967.0,472984.64453524,979
Machine Learning / AI / Data Science,2021,393127.0,430.5881708652793,425412227.0,465949.86527929903,913
Machine Learning / AI / Data Science,2022,411110.0,417.7947154471545,491867410.0,499865.2540650407,984
Machine Learning / AI / Data Science,2023,420011.0,419.17265469061874,523586919.0,522541.8353293413,1002
Machine Learning / AI / Data Science,2024,404190.0,398.2167487684729,510561914.0,503016.66403940885,1015
Machine Learning / AI / Data Science,2025,327161.0,375.61538461538464,478660353.0,549552.644087256,871
Data Resources / Repositories,2006,93868.0,411.70175438596493,98043157.0,430013.8464912281,228
Data Resources / Repositories,2007,94056.0,398.54237288135596,102290033.0,433432.343220339,236
Data Resources / Repositories,2008,103653.0,417.9556451612903,115842027.0,467104.94758064515,248
Data Resources / Repositories,2009,117818.0,436.36296296296297,158583511.0,587346.337037037,270
Data Resources / Repositories,2010,128157.0,440.4020618556701,216005264.0,742286.1305841925,291
Data Resources / Repositories,2011,104711.0,402.7346153846154,141288911.0,543418.8884615385,260
Data Resources / Repositories,2012,122421.0,409.4347826086956,143310883.0,479300.6120401338,299
Data Resources / Repositories,2013,120667.0,438.78909090909093,139640042.0,507781.9709090909,275
Data Resources / Repositories,2014,106211.0,396.30970149253733,154684251.0,577180.0410447761,268
Data Resources / Repositories,2015,117915.0,412.2902097902098,160212542.0,560183.7132867132,286
Data Resources / Repositories,2016,114797.0,394.4914089347079,144935868.0,498061.40206185565,291
Data Resources / Repositories,2017,123224.0,398.7831715210356,155150132.0,502103.98705501616,309
Data Resources / Repositories,2018,136142.0,403.98219584569733,159162562.0,472292.46884273,337
Data Resources / Repositories,2019,116349.0,409.67957746478874,177977232.0,626680.3943661972,284
Data Resources / Repositories,2020,135305.0,424.153605015674,199110042.0,624169.4106583073,319
Data Resources / Repositories,2021,118177.0,414.6561403508772,177929504.0,624314.049122807,285
Data Resources / Repositories,2022,132249.0,408.1759259259259,237304529.0,732421.3858024691,324
Data Resources / Repositories,2023,126849.0,424.24414715719064,224981443.0,752446.2976588629,299
Data Resources / Repositories,2024,122941.0,392.78274760383385,188094941.0,600942.303514377,313
Data Resources / Repositories,2025,92685.0,378.3061224489796,162575846.0,663574.8816326531,245
Drug Discovery / Pharmacology / Therapeutics,2006,207838.0,406.7279843444227,182661813.0,357459.5166340509,511
Drug Discovery / Pharmacology / Therapeutics,2007,218830.0,392.168458781362,204234880.0,366012.3297491039,558
Drug Discovery / Pharmacology / Therapeutics,2008,262207.0,420.20352564102564,220588417.0,353507.078525641,624
Drug Discovery / Pharmacology / Therapeutics,2009,320296.0,437.56284153005464,275993733.0,377040.618852459,732
Drug Discovery / Pharmacology / Therapeutics,2010,302833.0,432.00142653352356,295098899.0,420968.4721825963,701
Drug Discovery / Pharmacology / Therapeutics,2011,243569.0,404.59966777408636,247289986.0,410780.70764119603,602
Drug Discovery / Pharmacology / Therapeutics,2012,264076.0,409.4201550387597,264694264.0,410378.703875969,645
Drug Discovery / Pharmacology / Therapeutics,2013,249761.0,430.6224137931035,251605722.0,433802.96896551724,580
Drug Discovery / Pharmacology / Therapeutics,2014,232917.0,426.5879120879121,253945490.0,465101.63003663,546
Drug Discovery / Pharmacology / Therapeutics,2015,230660.0,420.1457194899818,241929585.0,440673.1967213115,549
Drug Discovery / Pharmacology / Therapeutics,2016,244511.0,409.56616415410383,240652098.0,403102.3417085427,597
Drug Discovery / Pharmacology / Therapeutics,2017,271458.0,409.43891402714934,258615587.0,390068.75867269986,663
Drug Discovery / Pharmacology / Therapeutics,2018,295823.0,422.00142653352356,272884920.0,389279.4864479315,701
Drug Discovery / Pharmacology / Therapeutics,2019,267104.0,428.05128205128204,244572123.0,391942.5048076923,624
Drug Discovery / Pharmacology / Therapeutics,2020,288957.0,429.3566121842496,319399602.0,474590.7904903418,673
Drug Discovery / Pharmacology / Therapeutics,2021,276200.0,424.9230769230769,299129036.0,460198.51692307694,650
Drug Discovery / Pharmacology / Therapeutics,2022,276373.0,431.8328125,342074697.0,534491.7140625,640
Drug Discovery / Pharmacology / Therapeutics,2023,281833.0,425.7296072507553,340567127.0,514451.85347432026,662
Drug Discovery / Pharmacology / Therapeutics,2024,260835.0,396.40577507598783,324158927.0,492642.7462006079,658
Drug Discovery / Pharmacology / Therapeutics,2025,218737.0,379.0935875216638,325100863.0,563433.0381282496,577
Biomarkers / Diagnostics,2006,89733.0,421.28169014084506,77669772.0,364646.8169014084,213
Biomarkers / Diagnostics,2007,90030.0,411.09589041095893,81370658.0,371555.51598173514,219
Biomarkers / Diagnostics,2008,108791.0,418.42692307692306,91158002.0,350607.7,260
Biomarkers / Diagnostics,2009,124161.0,425.208904109589,108459578.0,371436.91095890413,292
Biomarkers / Diagnostics,2010,130524.0,456.3776223776224,132985109.0,464982.8986013986,286
Biomarkers / Diagnostics,2011,91264.0,405.6177777777778,95504397.0,424463.9866666667,225
Biomarkers / Diagnostics,2012,107211.0,397.0777777777778,113684460.0,421053.55555555556,270
Biomarkers / Diagnostics,2013,114617.0,451.248031496063,115989630.0,456652.08661417325,254
Biomarkers / Diagnostics,2014,101833.0,431.4957627118644,134241681.0,568820.6822033898,236
Biomarkers / Diagnostics,2015,109235.0,433.47222222222223,123970500.0,491946.4285714286,252
Biomarkers / Diagnostics,2016,102292.0,407.53784860557766,108113516.0,430731.1394422311,251
Biomarkers / Diagnostics,2017,119580.0,427.07142857142856,125340189.0,447643.53214285715,280
Biomarkers / Diagnostics,2018,133403.0,422.1613924050633,123211854.0,389910.93037974683,316
Biomarkers / Diagnostics,2019,125747.0,439.6748251748252,122169652.0,427166.6153846154,286
Biomarkers / Diagnostics,2020,126168.0,448.9964412811388,174815909.0,622120.6725978648,281
Biomarkers / Diagnostics,2021,122973.0,447.17454545454547,153929422.0,559743.3527272728,275
Biomarkers / Diagnostics,2022,128494.0,428.31333333333333,198425470.0,661418.2333333333,300
Biomarkers / Diagnostics,2023,128055.0,415.762987012987,216642790.0,703385.6818181818,308
Biomarkers / Diagnostics,2024,124611.0,423.8469387755102,166436465.0,566110.425170068,294
Biomarkers / Diagnostics,2025,92731.0,376.9552845528455,152033742.0,618023.3414634146,246
Vaccines / Immunization,2006,40082.0,435.67391304347825,43509729.0,472931.8369565217,92
Vaccines / Immunization,2007,32496.0,406.2,37679760.0,470997.0,80
Vaccines / Immunization,2008,40497.0,440.1847826086956,45648559.0,496179.98913043475,92
Vaccines / Immunization,2009,49887.0,445.41964285714283,50867684.0,454175.75,112
Vaccines / Immunization,2010,41682.0,421.030303030303,51670208.0,521921.29292929295,99
Vaccines / Immunization,2011,39641.0,408.6701030927835,52040308.0,536498.0206185566,97
Vaccines / Immunization,2012,37904.0,394.8333333333333,53705573.0,559433.0520833334,96
Vaccines / Immunization,2013,39233.0,435.9222222222222,49628956.0,551432.8444444444,90
Vaccines / Immunization,2014,26573.0,379.6142857142857,33838516.0,483407.3714285714,70
Vaccines / Immunization,2015,34963.0,454.06493506493507,32108606.0,416994.8831168831,77
Vaccines / Immunization,2016,32714.0,419.4102564102564,35118640.0,450238.9743589744,78
Vaccines / Immunization,2017,26833.0,388.8840579710145,35240314.0,510729.1884057971,69
Vaccines / Immunization,2018,30867.0,422.83561643835617,34138648.0,467652.7123287671,73
Vaccines / Immunization,2019,28960.0,452.5,31857903.0,497779.734375,64
Vaccines / Immunization,2020,33576.0,486.60869565217394,46701581.0,676834.5072463768,69
Vaccines / Immunization,2021,26160.0,415.23809523809524,38826885.0,616299.7619047619,63
Vaccines / Immunization,2022,32498.0,457.71830985915494,48832193.0,687777.3661971831,71
Vaccines / Immunization,2023,31410.0,418.8,49176585.0,655687.8,75
Vaccines / Immunization,2024,32524.0,373.8390804597701,48933543.0,562454.5172413794,87
Vaccines / Immunization,2025,24404.0,364.23880597014926,38557146.0,575479.7910447761,67
Clinical Trials / Translational,2006,98371.0,379.81081081081084,128394978.0,495733.5057915058,259
Clinical Trials / Translational,2007,108701.0,404.09293680297395,148491100.0,552011.5241635687,269
Clinical Trials / Translational,2008,123890.0,394.5541401273885,166613707.0,530616.9012738854,314
Clinical Trials / Translational,2009,163362.0,428.7716535433071,196556997.0,515897.6299212598,381
Clinical Trials / Translational,2010,162706.0,417.1948717948718,208296928.0,534094.6871794872,390
Clinical Trials / Translational,2011,133871.0,392.58357771260995,175345960.0,514211.02639296185,341
Clinical Trials / Translational,2012,149952.0,417.69359331476323,168217835.0,468573.356545961,359
Clinical Trials / Translational,2013,130857.0,411.5,160413560.0,504445.1572327044,318
Clinical Trials / Translational,2014,127582.0,397.45171339563865,179590746.0,559472.7289719626,321
Clinical Trials / Translational,2015,131579.0,403.6165644171779,169807716.0,520882.5644171779,326
Clinical Trials / Translational,2016,140002.0,388.89444444444445,177329824.0,492582.84444444446,360
Clinical Trials / Translational,2017,147523.0,383.17662337662335,189201646.0,491432.84675324673,385
Clinical Trials / Translational,2018,174583.0,415.6738095238095,204538087.0,486995.44523809524,420
Clinical Trials / Translational,2019,151539.0,415.17534246575343,202734262.0,555436.3342465754,365
Clinical Trials / Translational,2020,164106.0,428.4751958224543,241216209.0,629807.3342036554,383
Clinical Trials / Translational,2021,147741.0,405.88186813186815,192611107.0,529151.3928571428,364
Clinical Trials / Translational,2022,170772.0,419.5872235872236,235482638.0,578581.4201474201,407
Clinical Trials / Translational,2023,171761.0,417.90997566909977,240741695.0,585746.2165450122,411
Clinical Trials / Translational,2024,158496.0,402.2741116751269,194132871.0,492723.0228426396,394
Clinical Trials / Translational,2025,127785.0,368.2564841498559,191317493.0,551347.2420749279,347
Gene Therapy,2006,21888.0,397.96363636363634,20806173.0,378294.05454545456,55
Gene Therapy,2007,20216.0,404.32,20912033.0,418240.66,50
Gene Therapy,2008,20215.0,388.75,20485419.0,393950.3653846154,52
Gene Therapy,2009,26277.0,417.0952380952381,21148154.0,335684.98412698414,63
Gene Therapy,2010,18208.0,379.3333333333333,15208624.0,316846.3333333333,48
Gene Therapy,2011,13042.0,383.5882352941176,9851830.0,289759.70588235295,34
Gene Therapy,2012,12947.0,359.6388888888889,10699175.0,297199.30555555556,36
Gene Therapy,2013,16265.0,439.5945945945946,12266542.0,331528.1621621622,37
Gene Therapy,2014,11425.0,393.9655172413793,9483818.0,327028.2068965517,29
Gene Therapy,2015,13028.0,383.1764705882353,11118029.0,327000.85294117645,34
Gene Therapy,2016,11790.0,406.55172413793105,10311889.0,355582.3793103448,29
Gene Therapy,2017,12658.0,468.81481481481484,9249188.0,342562.51851851854,27
Gene Therapy,2018,14137.0,456.03225806451616,9303041.0,300098.0967741936,31
Gene Therapy,2019,8646.0,411.7142857142857,8912134.0,424387.3333333333,21
Gene Therapy,2020,8456.0,445.05263157894734,8688773.0,457303.84210526315,19
Gene Therapy,2021,6320.0,371.7647058823529,5976342.0,351549.5294117647,17
Gene Therapy,2022,10960.0,498.1818181818182,15030003.0,683181.9545454546,22
Gene Therapy,2023,10067.0,402.68,11288565.0,451542.6,25
Gene Therapy,2024,11953.0,412.17241379310343,12210478.0,421050.9655172414,29
Gene Therapy,2025,9768.0,390.72,9419778.0,376791.12,25
Nanotechnology / Biomaterials,2006,8119.0,386.6190476190476,5962265.0,283917.38095238095,21
Nanotechnology / Biomaterials,2007,8467.0,352.7916666666667,6754600.0,281441.6666666667,24
Nanotechnology / Biomaterials,2008,10589.0,378.17857142857144,9748197.0,348149.89285714284,28
Nanotechnology / Biomaterials,2009,16306.0,397.7073170731707,13278820.0,323873.65853658534,41
Nanotechnology / Biomaterials,2010,18008.0,450.2,10954573.0,273864.325,40
Nanotechnology / Biomaterials,2011,9915.0,431.0869565217391,7450964.0,323954.95652173914,23
Nanotechnology / Biomaterials,2012,13065.0,408.28125,9969483.0,311546.34375,32
Nanotechnology / Biomaterials,2013,10863.0,387.9642857142857,8177331.0,292047.53571428574,28
Nanotechnology / Biomaterials,2014,12800.0,441.37931034482756,10845058.0,373967.5172413793,29
Nanotechnology / Biomaterials,2015,12861.0,389.72727272727275,11316978.0,342938.7272727273,33
Nanotechnology / Biomaterials,2016,15911.0,407.97435897435895,13692469.0,351088.9487179487,39
Nanotechnology / Biomaterials,2017,15298.0,373.1219512195122,16027635.0,390917.9268292683,41
Nanotechnology / Biomaterials,2018,21183.0,460.5,18720306.0,406963.17391304346,46
Nanotechnology / Biomaterials,2019,18020.0,487.02702702702703,15052232.0,406817.08108108107,37
Nanotechnology / Biomaterials,2020,13516.0,386.1714285714286,13317769.0,380507.6857142857,35
Nanotechnology / Biomaterials,2021,14702.0,445.5151515151515,13473014.0,408273.1515151515,33
Nanotechnology / Biomaterials,2022,16449.0,444.56756756756755,14195191.0,383653.8108108108,37
Nanotechnology / Biomaterials,2023,16678.0,387.86046511627904,15238389.0,354381.1395348837,43
Nanotechnology / Biomaterials,2024,22364.0,414.14814814814815,20813853.0,385441.72222222225,54
Nanotechnology / Biomaterials,2025,19375.0,379.9019607843137,19532147.0,382983.2745098039,51
Medical Devices / Wearables / Sensors,2006,35980.0,408.8636363636364,30729732.0,349201.5,88
Medical Devices / Wearables / Sensors,2007,42592.0,413.5145631067961,36330078.0,352719.2038834951,103
Medical Devices / Wearables / Sensors,2008,43955.0,414.6698113207547,38502263.0,363228.8962264151,106
Medical Devices / Wearables / Sensors,2009,62047.0,440.0496453900709,45990256.0,326172.0283687943,141
Medical Devices / Wearables / Sensors,2010,58938.0,483.0983606557377,57248232.0,469247.8032786885,122
Medical Devices / Wearables / Sensors,2011,44746.0,422.1320754716981,41700574.0,393401.641509434,106
Medical Devices / Wearables / Sensors,2012,49913.0,441.7079646017699,35478545.0,313969.42477876105,113
Medical Devices / Wearables / Sensors,2013,41305.0,417.22222222222223,31714383.0,320347.30303030304,99
Medical Devices / Wearables / Sensors,2014,39980.0,439.34065934065933,33078520.0,363500.2197802198,91
Medical Devices / Wearables / Sensors,2015,38021.0,417.8131868131868,33591178.0,369133.8241758242,91
Medical Devices / Wearables / Sensors,2016,41937.0,419.37,34487295.0,344872.95,100
Medical Devices / Wearables / Sensors,2017,49034.0,422.7068965517241,43591998.0,375793.0862068966,116
Medical Devices / Wearables / Sensors,2018,57558.0,442.75384615384615,50076054.0,385200.41538461536,130
Medical Devices / Wearables / Sensors,2019,55388.0,443.104,78192048.0,625536.384,125
Medical Devices / Wearables / Sensors,2020,61906.0,415.4765100671141,72556316.0,486955.14093959733,149
Medical Devices / Wearables / Sensors,2021,71950.0,444.1358024691358,75771927.0,467727.94444444444,162
Medical Devices / Wearables / Sensors,2022,69941.0,429.0858895705521,76960929.0,472152.9386503067,163
Medical Devices / Wearables / Sensors,2023,66074.0,412.9625,77848863.0,486555.39375,160
Medical Devices / Wearables / Sensors,2024,69877.0,408.6374269005848,82803773.0,484232.59064327483,171
Medical Devices / Wearables / Sensors,2025,53401.0,373.43356643356645,81906825.0,572775.0,143
Epidemiology / Population Health,2006,125406.0,411.1672131147541,121983851.0,399947.0524590164,305
Epidemiology / Population Health,2007,138419.0,411.9613095238095,132850831.0,395389.3779761905,336
Epidemiology / Population Health,2008,145983.0,434.4732142857143,132145266.0,393289.48214285716,336
Epidemiology / Population Health,2009,184536.0,459.04477611940297,185185144.0,460659.56218905473,402
Epidemiology / Population Health,2010,167994.0,430.75384615384615,216257940.0,554507.5384615385,390
Epidemiology / Population Health,2011,150653.0,415.0220385674931,172328229.0,474733.4132231405,363
Epidemiology / Population Health,2012,151791.0,395.2890625,179861167.0,468388.4557291667,384
Epidemiology / Population Health,2013,166067.0,448.8297297297297,169522914.0,458170.0378378378,370
Epidemiology / Population Health,2014,143429.0,419.3830409356725,178539156.0,522044.3157894737,342
Epidemiology / Population Health,2015,152274.0,445.2456140350877,168588357.0,492948.41228070174,342
Epidemiology / Population Health,2016,141685.0,440.01552795031057,171788453.0,533504.5124223602,322
Epidemiology / Population Health,2017,135994.0,413.35562310030394,159763653.0,485603.8085106383,329
Epidemiology / Population Health,2018,158273.0,445.8394366197183,186595060.0,525619.8873239437,355
Epidemiology / Population Health,2019,142312.0,433.8780487804878,174720778.0,532685.2987804879,328
Epidemiology / Population Health,2020,166712.0,441.037037037037,249088633.0,658964.6375661376,378
Epidemiology / Population Health,2021,150650.0,440.4970760233918,221733321.0,648343.0438596491,342
Epidemiology / Population Health,2022,156178.0,427.88493150684934,263678743.0,722407.5150684932,365
Epidemiology / Population Health,2023,161250.0,436.9918699186992,259018118.0,701946.1192411924,369
Epidemiology / Population Health,2024,153890.0,409.281914893617,241100530.0,641224.8138297872,376
Epidemiology / Population Health,2025,114799.0,369.12861736334406,216073742.0,694770.8745980707,311
Health Services / Outcomes / Implementation,2006,116230.0,390.03355704697987,134100259.0,450000.86912751675,298
Health Services / Outcomes / Implementation,2007,142942.0,410.7528735632184,159321189.0,457819.5086206897,348
Health Services / Outcomes / Implementation,2008,162731.0,430.505291005291,170082354.0,449953.31746031746,378
Health Services / Outcomes / Implementation,2009,188163.0,449.0763723150358,206737749.0,493407.5155131265,419
Health Services / Outcomes / Implementation,2010,189159.0,434.848275862069,252756502.0,581049.4298850575,435
Health Services / Outcomes / Implementation,2011,162298.0,414.0255102040816,206213871.0,526055.793367347,392
Health Services / Outcomes / Implementation,2012,173727.0,425.8014705882353,199458538.0,488868.9656862745,408
Health Services / Outcomes / Implementation,2013,175815.0,456.6623376623377,200993950.0,522062.2077922078,385
Health Services / Outcomes / Implementation,2014,159198.0,410.3041237113402,218710590.0,563687.087628866,388
Health Services / Outcomes / Implementation,2015,172964.0,438.994923857868,225880024.0,573299.5532994923,394
Health Services / Outcomes / Implementation,2016,165129.0,420.17557251908397,222177997.0,565338.4147582697,393
Health Services / Outcomes / Implementation,2017,186040.0,419.009009009009,227337784.0,512022.03603603604,444
Health Services / Outcomes / Implementation,2018,212815.0,439.7004132231405,239967438.0,495800.4917355372,484
Health Services / Outcomes / Implementation,2019,190153.0,432.1659090909091,262449621.0,596476.4113636364,440
Health Services / Outcomes / Implementation,2020,218952.0,437.02994011976045,280284734.0,559450.5668662675,501
Health Services / Outcomes / Implementation,2021,202626.0,423.9037656903766,254294995.0,531997.8974895397,478
Health Services / Outcomes / Implementation,2022,222056.0,428.6795366795367,289900737.0,559653.9324324324,518
Health Services / Outcomes / Implementation,2023,239201.0,427.14464285714286,334375762.0,597099.575,560
Health Services / Outcomes / Implementation,2024,219089.0,396.90036231884056,322251640.0,583789.2028985508,552
Health Services / Outcomes / Implementation,2025,185055.0,372.3440643863179,311835656.0,627435.9275653923,497
Health Disparities / Social Determinants,2006,21401.0,455.3404255319149,23450102.0,498938.3404255319,47
Health Disparities / Social Determinants,2007,17411.0,362.7291666666667,22802664.0,475055.5,48
Health Disparities / Social Determinants,2008,26724.0,438.0983606557377,31606414.0,518137.9344262295,61
Health Disparities / Social Determinants,2009,32549.0,392.1566265060241,43915913.0,529107.3855421686,83
Health Disparities / Social Determinants,2010,35931.0,432.90361445783134,42266414.0,509233.9036144578,83
Health Disparities / Social Determinants,2011,30862.0,406.07894736842104,38791747.0,510417.7236842105,76
Health Disparities / Social Determinants,2012,33772.0,379.46067415730334,44885049.0,504326.393258427,89
Health Disparities / Social Determinants,2013,43144.0,454.14736842105265,45943769.0,483618.6210526316,95
Health Disparities / Social Determinants,2014,38538.0,418.89130434782606,52966558.0,575723.4565217391,92
Health Disparities / Social Determinants,2015,43416.0,461.8723404255319,55077255.0,585928.2446808511,94
Health Disparities / Social Determinants,2016,36442.0,414.1136363636364,49432029.0,561727.6022727273,88
Health Disparities / Social Determinants,2017,41428.0,394.55238095238093,55613559.0,529652.9428571429,105
Health Disparities / Social Determinants,2018,45786.0,431.9433962264151,75065694.0,708166.9245283019,106
Health Disparities / Social Determinants,2019,44815.0,389.69565217391306,78120098.0,679305.2,115
Health Disparities / Social Determinants,2020,61442.0,438.87142857142857,104427687.0,745912.05,140
Health Disparities / Social Determinants,2021,56665.0,453.32,93809943.0,750479.544,125
Health Disparities / Social Determinants,2022,66915.0,403.1024096385542,102983569.0,620382.9457831326,166
Health Disparities / Social Determinants,2023,77958.0,428.34065934065933,105874022.0,581725.3956043957,182
Health Disparities / Social Determinants,2024,75148.0,379.5353535353535,110670869.0,558943.7828282828,198
Health Disparities / Social Determinants,2025,59700.0,366.25766871165644,99067128.0,607773.7914110429,163
Behavioral / Social Science,2006,82224.0,395.3076923076923,88407233.0,425034.77403846156,208
Behavioral / Social Science,2007,92742.0,408.55506607929516,94813195.0,417679.2731277533,227
Behavioral / Social Science,2008,108633.0,448.89669421487605,97218810.0,401730.6198347107,242
Behavioral / Social Science,2009,124035.0,444.5698924731183,125231771.0,448859.39426523296,279
Behavioral / Social Science,2010,110775.0,441.33466135458167,144841925.0,577059.4621513945,251
Behavioral / Social Science,2011,92784.0,408.7400881057269,106568364.0,469464.1585903084,227
Behavioral / Social Science,2012,106155.0,429.7773279352227,99592209.0,403207.3238866397,247
Behavioral / Social Science,2013,92196.0,445.39130434782606,83194378.0,401905.2077294686,207
Behavioral / Social Science,2014,84036.0,435.419689119171,82988089.0,429990.0984455959,193
Behavioral / Social Science,2015,89121.0,445.605,84019553.0,420097.765,200
Behavioral / Social Science,2016,82229.0,419.5357142857143,92000334.0,469389.4591836735,196
Behavioral / Social Science,2017,90636.0,401.04424778761063,91998329.0,407072.2522123894,226
Behavioral / Social Science,2018,108885.0,448.08641975308643,113616602.0,467558.0329218107,243
Behavioral / Social Science,2019,95358.0,425.70535714285717,133365551.0,595381.9241071428,224
Behavioral / Social Science,2020,106461.0,445.44351464435147,130454760.0,545835.8158995815,239
Behavioral / Social Science,2021,97946.0,459.84037558685446,109458262.0,513888.55399061035,213
Behavioral / Social Science,2022,106561.0,434.9428571428571,125915959.0,513942.68979591836,245
Behavioral / Social Science,2023,107084.0,444.3319502074689,115314572.0,478483.7012448133,241
Behavioral / Social Science,2024,96857.0,400.23553719008265,124608639.0,514911.7314049587,242
Behavioral / Social Science,2025,72541.0,373.9226804123711,99893083.0,514912.7989690722,194
Stem Cells / Regenerative Medicine,2006,23113.0,405.49122807017545,21584138.0,378669.08771929826,57
Stem Cells / Regenerative Medicine,2007,25109.0,418.48333333333335,21192377.0,353206.2833333333,60
Stem Cells / Regenerative Medicine,2008,29151.0,393.93243243243245,25869127.0,349582.7972972973,74
Stem Cells / Regenerative Medicine,2009,36279.0,385.9468085106383,34489104.0,366905.3617021277,94
Stem Cells / Regenerative Medicine,2010,45804.0,458.04,35190471.0,351904.71,100
Stem Cells / Regenerative Medicine,2011,27039.0,375.5416666666667,25796256.0,358281.3333333333,72
Stem Cells / Regenerative Medicine,2012,39684.0,413.375,30557138.0,318303.5208333333,96
Stem Cells / Regenerative Medicine,2013,36653.0,431.21176470588233,26726882.0,314433.90588235296,85
Stem Cells / Regenerative Medicine,2014,37542.0,426.6136363636364,29954162.0,340388.20454545453,88
Stem Cells / Regenerative Medicine,2015,38117.0,409.86021505376345,32381490.0,348188.06451612903,93
Stem Cells / Regenerative Medicine,2016,41844.0,410.2352941176471,37062751.0,363360.3039215686,102
Stem Cells / Regenerative Medicine,2017,42685.0,406.5238095238095,37798250.0,359983.3333333333,105
Stem Cells / Regenerative Medicine,2018,49375.0,436.94690265486724,43990938.0,389300.33628318587,113
Stem Cells / Regenerative Medicine,2019,41057.0,410.57,40665098.0,406650.98,100
Stem Cells / Regenerative Medicine,2020,49387.0,404.8114754098361,51679674.0,423603.88524590165,122
Stem Cells / Regenerative Medicine,2021,56073.0,397.6808510638298,57818431.0,410059.7943262411,141
Stem Cells / Regenerative Medicine,2022,60753.0,405.02,62474138.0,416494.25333333336,150
Stem Cells / Regenerative Medicine,2023,60967.0,420.46206896551723,63776028.0,439834.67586206895,145
Stem Cells / Regenerative Medicine,2024,55471.0,393.4113475177305,64792282.0,459519.7304964539,141
Stem Cells / Regenerative Medicine,2025,43861.0,368.5798319327731,50881479.0,427575.4537815126,119
Education / Training / Workforce,2006,113169.0,388.89690721649487,95793426.0,329187.03092783503,291
Education / Training / Workforce,2007,119876.0,385.4533762057878,110722287.0,356020.2154340836,311
Education / Training / Workforce,2008,128720.0,398.5139318885449,111466655.0,345098.0030959752,323
Education / Training / Workforce,2009,143572.0,419.80116959064327,116052447.0,339334.6403508772,342
Education / Training / Workforce,2010,139140.0,421.6363636363636,144600676.0,438183.86666666664,330
Education / Training / Workforce,2011,123224.0,401.38110749185665,108663623.0,353953.1693811075,307
Education / Training / Workforce,2012,131665.0,419.31528662420385,103270292.0,328886.28025477706,314
Education / Training / Workforce,2013,116088.0,404.4878048780488,101927695.0,355148.7630662021,287
Education / Training / Workforce,2014,114001.0,393.10689655172416,114895235.0,396190.4655172414,290
Education / Training / Workforce,2015,115661.0,398.83103448275864,116415069.0,401431.2724137931,290
Education / Training / Workforce,2016,123982.0,383.8452012383901,111251051.0,344430.49845201237,323
Education / Training / Workforce,2017,136634.0,375.36813186813185,120782171.0,331819.1510989011,364
Education / Training / Workforce,2018,145031.0,385.72074468085106,129522550.0,344474.8670212766,376
Education / Training / Workforce,2019,136228.0,385.91501416430594,119065332.0,337295.55807365436,353
Education / Training / Workforce,2020,163369.0,414.6421319796954,143666278.0,364635.22335025383,394
Education / Training / Workforce,2021,143335.0,401.4985994397759,129064039.0,361523.918767507,357
Education / Training / Workforce,2022,158801.0,397.9974937343358,142156647.0,356282.32330827066,399
Education / Training / Workforce,2023,171791.0,410.00238663484487,148937679.0,355459.85441527446,419
Education / Training / Workforce,2024,153654.0,384.135,146935271.0,367338.1775,400
Education / Training / Workforce,2025,128522.0,367.2057142857143,135921077.0,388345.9342857143,350
Ethics / Policy,2006,56297.0,420.1268656716418,44375508.0,331160.50746268657,134
Ethics / Policy,2007,55232.0,406.11764705882354,45470847.0,334344.4632352941,136
Ethics / Policy,2008,59125.0,396.81208053691273,51173563.0,343446.73154362413,149
Ethics / Policy,2009,73060.0,401.42857142857144,82434973.0,452939.4120879121,182
Ethics / Policy,2010,91420.0,429.2018779342723,112118618.0,526378.4882629107,213
Ethics / Policy,2011,72769.0,413.46022727272725,78254393.0,444627.23295454547,176
Ethics / Policy,2012,79083.0,409.7564766839378,79361518.0,411199.57512953365,193
Ethics / Policy,2013,71406.0,394.50828729281767,90748885.0,501375.05524861877,181
Ethics / Policy,2014,73046.0,408.0782122905028,105867838.0,591440.43575419,179
Ethics / Policy,2015,81757.0,432.5767195767196,102215957.0,540825.1693121693,189
Ethics / Policy,2016,75035.0,399.1223404255319,91724919.0,487898.50531914894,188
Ethics / Policy,2017,83661.0,402.21634615384613,111080253.0,534039.6778846154,208
Ethics / Policy,2018,85839.0,403.0,106277864.0,498957.10798122064,213
Ethics / Policy,2019,88401.0,411.1674418604651,124170427.0,577536.8697674419,215
Ethics / Policy,2020,106827.0,425.60557768924303,135497027.0,539828.7928286853,251
Ethics / Policy,2021,100797.0,421.744769874477,124833341.0,522315.2343096234,239
Ethics / Policy,2022,102934.0,421.8606557377049,139815702.0,573015.1721311476,244
Ethics / Policy,2023,106318.0,426.97991967871485,139732542.0,561174.8674698796,249
Ethics / Policy,2024,86480.0,393.09090909090907,150494043.0,684063.8318181818,220
Ethics / Policy,2025,77875.0,378.0339805825243,141629434.0,687521.5242718447,206
Imaging (MRI/CT/PET/Microscopy),2006,94893.0,412.5782608695652,78797225.0,342596.6304347826,230
Imaging (MRI/CT/PET/Microscopy),2007,98452.0,396.98387096774195,91063464.0,367191.3870967742,248
Imaging (MRI/CT/PET/Microscopy),2008,111715.0,410.71691176470586,100238465.0,368523.76838235295,272
Imaging (MRI/CT/PET/Microscopy),2009,143206.0,431.3433734939759,120977471.0,364389.9728915663,332
Imaging (MRI/CT/PET/Microscopy),2010,135615.0,436.0610932475884,125583735.0,403806.2218649518,311
Imaging (MRI/CT/PET/Microscopy),2011,105295.0,408.12015503875966,99632568.0,386172.74418604653,258
Imaging (MRI/CT/PET/Microscopy),2012,116838.0,409.9578947368421,115204634.0,404226.78596491227,285
Imaging (MRI/CT/PET/Microscopy),2013,110477.0,424.91153846153844,105083687.0,404168.02692307695,260
Imaging (MRI/CT/PET/Microscopy),2014,106013.0,425.7550200803213,105407604.0,423323.7108433735,249
Imaging (MRI/CT/PET/Microscopy),2015,110584.0,406.55882352941177,113832441.0,418501.6213235294,272
Imaging (MRI/CT/PET/Microscopy),2016,133254.0,415.1214953271028,145753536.0,454060.8598130841,321
Imaging (MRI/CT/PET/Microscopy),2017,129068.0,405.87421383647796,138229837.0,434685.0220125786,318
Imaging (MRI/CT/PET/Microscopy),2018,149823.0,399.528,161650115.0,431066.9733333333,375
Imaging (MRI/CT/PET/Microscopy),2019,154996.0,441.5840455840456,186620762.0,531683.0826210827,351
Imaging (MRI/CT/PET/Microscopy),2020,139479.0,431.8235294117647,186143952.0,576297.0650154799,323
Imaging (MRI/CT/PET/Microscopy),2021,126947.0,421.75083056478405,174292434.0,579044.6312292359,301
Imaging (MRI/CT/PET/Microscopy),2022,144360.0,427.10059171597635,237616102.0,703006.2189349112,338
Imaging (MRI/CT/PET/Microscopy),2023,140345.0,435.85403726708074,231372444.0,718547.9627329193,322
Imaging (MRI/CT/PET/Microscopy),2024,113317.0,389.40549828178695,177028350.0,608344.8453608247,291
Imaging (MRI/CT/PET/Microscopy),2025,96629.0,373.0849420849421,179083396.0,691441.6833976834,259
